,author.id,comunita
0,869312575179296768,1
1,3327831430,1
91,327417226,1
109,1263042661,1
121,70624474,1
131,345219705,1
135,102158193,1
138,1057735056175841281,1
141,1082967276519870464,1
144,1068802416546590721,1
185,2872974977,1
204,92260294,1
208,1134464702,1
220,2537295553,1
228,2535751839,1
368,4549605137,1
372,365647664,1
374,1090404479604834306,1
375,701098945695580161,1
401,2354704705,1
423,773240110120927232,1
454,232297865,1
465,467361179,1
483,972612694338662401,1
513,215270850,1
520,2954454747,1
565,210376076,1
577,1004030031457333253,1
583,394680267,1
589,2615476385,1
593,2862730168,1
599,894447750435262464,1
600,521721024,1
616,3433460549,1
621,1310347194,1
623,1160520321277054977,1
647,861666300,1
655,3684132136,1
659,873504593719721989,1
661,1662686167,1
664,492397709,1
666,525587066,1
673,312615662,1
683,4513753401,1
690,4925043633,1
693,1165166586145247233,1
697,812556035709878272,1
699,1113395882,1
700,747062107636637697,1
701,4830229167,1
702,1629678848,1
704,31255401,1
706,1362734466,1
707,1243846381,1
709,580096126,1
799,961215618438582273,1
800,721338196639014912,1
803,202608127,1
804,979100648,1
805,1090595328460509190,1
892,4458653776,1
899,1035959506700783618,1
909,827199467304673280,1
920,1566803234,1
923,130502044,1
925,2272715355,1
927,869533785733386240,1
928,334082030,1
929,779316037774929921,1
938,827887869104635904,1
940,2313764153,1
953,411739086,1
955,350810508,1
964,2732751986,1
976,945202600051462145,1
1027,487711174,1
1064,1189654234851090434,1
1074,939404858679091200,1
1081,806911096678400000,1
1102,417778429,1
1103,765979700808286208,1
1119,3073944291,1
1133,824215230846791680,1
1171,995669260017045505,1
1184,1191558961,1
1188,2203429105,1
1190,4850023534,1
1205,404684500,1
1206,4049929390,1
1227,1000138698032320517,1
1264,345535835,1
1285,350254323,1
1287,65922786,1
1322,111927816,1
1326,928345597182177286,1
1334,398032197,1
1343,623687670,1
1344,470180296,1
1349,1181288004108861441,1
1367,440247035,1
1405,2459519979,1
1420,2387298926,1
1431,2876249524,1
1435,565662465,1
1439,616969586,1
1448,4871884721,1
1456,73418713,1
1475,763146166620057600,1
1493,2234580853,1
1494,977960755919228928,1
1500,234758833,1
1501,2370265236,1
1502,774806549357355008,1
1507,715644689622372352,1
1524,598772700,1
1536,2473782071,1
1539,2252899982,1
1557,1109789138,1
1569,907668247234965511,1
1579,1037003822,1
1585,922544159327768577,1
1587,836271002,1
1602,880856739821871106,1
1605,775379869215625217,1
1618,1143393739,1
1633,1430162268,1
1638,2470692079,1
1651,2433235432,1
1665,533116806,1
1666,800991504999313408,1
1684,1083680015492022273,1
1686,497384675,1
1687,1027130908229468160,1
1688,111966918,1
1697,1161534801570127873,1
1706,1006504409717792769,1
1708,1668915986,1
1718,1151782492074074112,1
1719,444837039,1
1734,1002167748326318080,1
1738,114317541,1
1740,1524453986,1
1742,61703985,1
1758,997782892355969025,1
1760,1161191406,1
1771,1027404487,1
1775,421247059,1
1777,1014859808632197120,1
1783,776430344841101312,1
1786,4802109016,1
1787,738637670,1
1795,1026418206,1
1819,311475243,1
1821,942438985766461440,1
1825,1056598950969597952,1
1827,100878763,1
1881,2250353455,1
1884,1222676508,1
1892,1160335674224128000,1
1894,1053632622465818624,1
1901,1133771562216304640,1
1926,2760801606,1
1927,823379509,1
1935,272028995,1
1936,1000714225046695936,1
1939,355265834,1
1943,209249028,1
1947,1027756003134263296,1
1954,4894327877,1
1961,749529599252586496,1
1963,447010531,1
1965,950482698,1
1969,599039512,1
2003,330232761,1
2006,2907821698,1
2008,1009031048762679296,1
2009,1923305407,1
2010,1125109992,1
2036,3869490795,1
2037,885303356,1
2041,931551631317061632,1
2046,457545957,1
2058,971409602091864067,1
2065,513444329,1
2075,636193713,1
2078,1172571984967942146,1
2119,1140075636574343168,1
2136,883605008083759105,1
2143,53096801,1
2144,3977951957,1
2152,563529644,1
2169,1079788976221966340,1
2177,906045619,1
2178,370895961,1
2180,378560537,1
2183,3325251946,1
2184,84822972,1
2185,821879334,1
2222,3387594292,1
2223,981797615078723585,1
2224,358968766,1
2230,1248307267,1
2250,1091380531,1
2252,401438300,1
2258,1067059978719162369,1
2260,1080601232,1
2267,1368793633,1
2271,1185120149281656832,1
2272,224226820,1
2274,328745344,1
2275,888760524,1
2276,1172410504343502849,1
2286,1469982290,1
2291,913045458,1
2292,1123005483277791233,1
2293,476053480,1
2299,2440683700,1
2301,493428407,1
2302,190571881,1
2303,1391958840,1
2305,991614233262592000,1
2307,1166607193845706753,1
2308,929249360,1
2312,797880023462060032,1
2313,1367102851,1
2316,2318930618,1
2321,99702635,1
2325,3003900628,1
2332,885105250356604929,1
2336,2247093145,1
2337,945241296427540480,1
2338,361403479,1
2339,1025345033384411137,1
2341,1025041897,1
2343,1086691638,1
2352,106831411,1
2362,1013117294,1
2372,872009898145533954,1
2374,1010020273662275586,1
2375,29164255,1
2376,1020502986,1
2378,1037692622,1
2383,858989093572796416,1
2386,1103152945,1
2388,1110301982458343426,1
2389,891590768,1
2390,1151575286,1
2391,946176181153533952,1
2392,3058264727,1
2393,3047103415,1
2395,1347491738,1
2397,131815919,1
2398,896110159,1
2400,789963982476050432,1
2401,1041764935179616256,1
2402,433224751,1
2403,740982132,1
2404,1189981854,1
2412,9437162,1
2415,425803153,1
2417,814948333957632001,1
2420,1485123234,1
2421,1144368105227018240,1
2425,2181109997,1
2426,902926825759924224,1
2427,876541483,1
2429,1056575225456943106,1
2435,698917158085115905,1
2440,432948366,1
2447,289296210,1
2449,1123009382,1
2452,917116216753475584,1
2454,48318393,1
2461,2367164648,1
2463,961691283860451328,1
2465,68818070,1
2466,939484063,1
2468,45661685,1
2469,753208264955920384,1
2470,1149921260719284224,1
2473,459759337,1
2492,1167316106,1
2494,1067472089899253762,1
2507,1169700990,1
2508,3971921128,1
2511,706098783814361091,1
2527,2332701113,1
2531,1193780617,1
2553,4318424669,1
2558,1206356976,1
2562,800852166252593152,1
2564,3243517432,1
2600,253531074,1
2603,762741004998967296,1
2607,900310491414790146,1
2611,388946039,1
2612,303739836,1
2613,2508021147,1
2628,426975826,1
2629,62285317,1
2651,1346996612,1
2667,1717530120,1
2668,1196504849002770433,1
2677,1008345707177238528,1
2678,927989992084910080,1
2684,101717447,1
2693,2328646053,1
2695,2415181569,1
2696,2455563767,1
2697,514440497,1
2698,741946690282913792,1
2702,85136516,1
2705,167014241,1
2708,730116701589753857,1
2711,2595566549,1
2735,2197175103,1
2742,470242115,1
2745,1219710872,1
2754,526459595,1
2758,416583838,1
2776,229160327,1
2782,831981618,1
2783,946972735,1
2788,2320478792,1
2793,73504577,1
2808,813417974203875328,1
2812,717737707389198336,1
2817,726673795,1
2826,1055380681,1
2834,438431990,1
2850,1096126365215178755,1
2855,19592755,1
2856,1055367092,1
2860,3032773355,1
2861,14127198,1
2862,2378654494,1
2870,593523410,1
2879,1152141861739540480,1
2899,461019019,1
2900,1637600173,1
2903,1094724978149335040,1
2923,1335222746,1
2947,1476948512,1
2960,747184721935933440,1
2963,1132241255654678529,1
2966,374759087,1
2974,539385470,1
2977,3179223957,1
3061,1164984096554196995,1
3108,930408417172312064,1
3111,968582010,1
3114,1042906497129361408,1
3142,596821309,1
3149,174643719,1
3156,547247951,1
3157,1506815232,1
3162,1684468244,1
3180,48142375,1
3230,1016249336903159808,1
3243,3084886731,1
3248,408544727,1
3252,132492968,1
3253,1231899811,1
3258,576106827,1
3277,2919790132,1
3279,1260237576,1
3280,4195010656,1
3281,345322343,1
3298,488766177,1
3299,984851042,1
3304,771197191,1
3316,497996910,1
3318,1488627062,1
3325,4851430133,1
3356,181102629,1
3357,759730466,1
3358,3676295055,1
3393,851209276018364416,1
3397,3331801624,1
3417,1124332272419790848,1
3429,2284755698,1
3431,1221995204,1
3434,1024702799215509504,1
3435,3099826691,1
3440,2725216048,1
3446,1034891730,1
3447,512990070,1
3451,466529198,1
3455,597545163,1
3461,797374091959406592,1
3479,2396856942,1
3482,4055846314,1
3483,4924190242,1
3493,945410848427737088,1
3500,883360014991314949,1
3501,2200948085,1
3531,3256484373,1
3532,2540505196,1
3536,1125190120121032704,1
3540,1033993296203472896,1
3542,416607721,1
3544,4919837110,1
3547,2427072883,1
3549,1053055537,1
3550,1000843531286609920,1
3579,273426016,1
3589,1526871476,1
3597,1032967056,1
3614,845257288143290368,1
3618,3007549852,1
3619,1372461787,1
3621,1156206023817990146,1
3635,941722562,1
3659,951835458987876354,1
3673,582265897,1
3684,2261631554,1
3685,806775410155339776,1
3686,178272080,1
3687,160602943,1
3693,2865768750,1
3695,836645258716905472,1
3696,856041932832874497,1
3701,2588366118,1
3716,854802811988713472,1
3719,4846772429,1
3721,1260518365,1
3722,918356953113481216,1
3723,4489836154,1
3740,1250020285,1
3743,2554859694,1
3744,1164832049963732992,1
3752,177132864,1
3753,1113222067858677761,1
3754,822771178112749568,1
3765,1179592608886198273,1
3793,634636448,1
3794,87469286,1
3796,949743169276702720,1
3797,3317818227,1
3799,491512067,1
3800,2236456577,1
3801,1116620071,1
3804,123228803,1
3806,1444400034,1
3815,1851401737,1
3816,885423468182990848,1
3822,2148135826,1
3825,899249568143081476,1
3826,568418849,1
3829,1006381197465800704,1
3838,2948783698,1
3842,327402354,1
3845,2616616618,1
3848,1116612606284800000,1
3856,916381146220580865,1
3857,117067060,1
3858,4076357194,1
3861,855180290,1
3863,314537220,1
3867,2231349469,1
3868,1393166804,1
3874,2227643435,1
3878,2182972605,1
3880,4251575206,1
3881,69952925,1
3882,4118952904,1
3884,2885743858,1
3885,1100483918896218124,1
3893,710245497194323969,1
3897,460611317,1
3901,1138777682248982528,1
3905,3290267520,1
3908,999351943,1
3909,1685663041,1
3912,128311427,1
3913,1015492226338705408,1
3922,2772963950,1
3923,967437031201824768,1
3924,899803520,1
3925,742774440019275776,1
3927,1857326258,1
3928,531656692,1
3929,3377760759,1
3931,982582749390426113,1
3950,1122785825673162753,1
3951,1014882044,1
3952,3978247071,1
3956,4058444739,1
3958,256572165,1
3959,1156853650465132544,1
3960,1116090803900887041,1
3965,494488867,1
3975,397914712,1
3978,430033435,1
3980,865640086708211712,1
3984,745699605942312960,1
3989,801499650222129153,1
3990,951064045586714624,1
3994,427299130,1
3996,3380252541,1
3999,2419772543,1
4001,20247603,1
4010,766246807697514496,1
4012,915931191139864578,1
4016,1536096120,1
4022,714194317951238145,1
4024,2731131760,1
4027,405482706,1
4032,1014895793424224256,1
4033,600922920,1
4034,353678923,1
4041,2918214275,1
4049,1091418394631516161,1
4066,972865850,1
4068,1021876093157036033,1
4073,1054447446036828160,1
4081,820561067810189313,1
4093,969668587731456000,1
4101,1701836234,1
4106,1163185103784337413,1
4115,1229478864,1
4118,4860308297,1
4120,1279976640,1
4121,436632575,1
4124,986292469682855938,1
4126,706097800040357889,1
4139,452777469,1
4140,1015918388428918784,1
4142,1032615842,1
4143,1240786200,1
4148,845313296,1
4153,384896772,1
4155,1069252327654268928,1
4161,497188910,1
4178,1480144549,1
4180,21347627,1
4182,560572487,1
4183,3050764363,1
4192,2708695296,1
4193,175557075,1
4198,2519252925,1
4199,396796840,1
4200,1126361270,1
4202,158288741,1
4213,457527474,1
4214,1678602583,1
4216,429327262,1
4217,1596739105,1
4218,2415755633,1
4221,1002639111205871621,1
4222,2787897519,1
4224,880354010,1
4225,394780039,1
4227,1121666197,1
4229,2438340445,1
4230,167473370,1
4232,778974359079837696,1
4233,531243852,1
4235,1087434954487795715,1
4249,1061392014950969346,1
4250,2497072758,1
4259,1123243671288152064,1
4260,867897775,1
4266,3404173085,1
4268,483995380,1
4269,776154837339738112,1
4271,1069552123547926528,1
4272,4774998749,1
4273,289881926,1
4274,1158758131448590336,1
4285,1620487452,1
4286,610264494,1
4287,832999521739214848,1
4293,1092166154783809536,1
4303,450555112,1
4306,3872089702,1
4311,1064644223935365121,1
4315,4900894731,1
4318,992467121090322432,1
4319,896465830640275458,1
4337,538358467,1
4342,1264018218,1
4345,3764059997,1
4351,1101021343,1
4356,401507232,1
4373,2590034989,1
4375,134364906,1
4377,843962950050308098,1
4382,1041484481406873600,1
4390,1098582595581943808,1
4399,1912167336,1
4400,2889852755,1
4401,1315395996,1
4410,4160203479,1
4424,2847028163,1
4429,3302069128,1
4437,2245999991,1
4441,2587350030,1
4442,489374582,1
4448,1062792614272008193,1
4454,1154371862606098432,1
4459,2446945421,1
4460,2568515717,1
4464,1161727848,1
4465,849990387255177220,1
4470,439290200,1
4474,1022864953714388992,1
4475,953542285,1
4476,4579400249,1
4477,961034988782268416,1
4479,2328854769,1
4482,309509284,1
4483,724648551561728000,1
4484,744448420933402624,1
4486,3132934946,1
4487,2973508025,1
4488,2372841124,1
4491,2478507155,1
4492,4916678961,1
4502,1114447591138308096,1
4507,1094513309620101120,1
4511,106183442,1
4514,852523965390172160,1
4521,430437851,1
4524,307278565,1
4527,1145988000733696000,1
4528,78970065,1
4529,899952481,1
4530,1001748711729434624,1
4531,1024579426909085696,1
4532,515909793,1
4533,1229869027,1
4535,1052774131941462016,1
4536,1089983496339230721,1
4537,1238556302,1
4539,4189354889,1
4540,432637066,1
4541,1399350756,1
4542,1106302142435000321,1
4543,1007982889122910208,1
4544,794390564,1
4545,589357705,1
4546,1162361772415836161,1
4547,47398478,1
4550,845295639005200385,1
4551,974737784631185408,1
4552,2984820479,1
4554,596614356,1
4555,510536649,1
4557,950707530455502848,1
4559,1001209635007877120,1
4560,4074792743,1
4562,384392306,1
4565,1101109894617448449,1
4569,893517298958467073,1
4572,453812693,1
4573,4893362397,1
4579,484592863,1
4582,377955629,1
4584,1458107256,1
4585,55230300,1
4599,1040676078271037447,1
4609,833352342791716865,1
4611,965884885964611584,1
4613,721207033,1
4614,3504753795,1
4615,855444089004752898,1
4618,1009392005674360832,1
4619,1032227404029280256,1
4627,1023625170509078528,1
4629,988373714,1
4637,1096420074,1
4640,3949076176,1
4646,1000877968963657729,1
4647,4061316509,1
4652,443821474,1
4654,457323161,1
4658,2207852354,1
4659,1001037676454309889,1
4660,1070243167641972736,1
4661,2842925692,1
4662,830834103033458689,1
4663,1728224730,1
4664,815340722543017984,1
4665,188043254,1
4669,1021119130173345792,1
4670,883649717573488644,1
4671,851112127,1
4672,2159876935,1
4674,1112336379609038855,1
4675,1144013984795901959,1
4676,736231985186779136,1
4677,1140637996036820992,1
4686,1046424874527457281,1
4687,945102892956086272,1
4694,963763975136694272,1
4695,415666601,1
4696,3176594760,1
4710,942074257,1
4711,2839449911,1
4713,279178016,1
4714,117172862,1
4715,501137418,1
4716,1192636619167322112,1
4721,936625171393404929,1
4722,3074064164,1
4723,2267288613,1
4728,2380592546,1
4729,3457705635,1
4733,1029092106722267141,1
4734,1218462254,1
4736,503847121,1
4737,866545994577608704,1
4738,1049654470047621120,1
4739,1003517827947663361,1
4743,1188884951682428932,1
4744,200888646,1
4745,908445731891146753,1
4746,2318444406,1
4748,145213815,1
4752,876493210348138496,1
4753,2845018504,1
4754,792007803162521600,1
4755,2152957786,1
4757,207211184,1
4759,2155461192,1
4760,2853870016,1
4761,1033781605565902848,1
4762,1190297699721076737,1
4763,4307656647,1
4764,2849566250,1
4767,1159469464825618432,1
4768,1185267693731172359,1
4771,229523030,1
4772,2883001715,1
4773,426181894,1
4774,2757625763,1
4775,1033488919,1
4776,507009724,1
4777,10239182,1
4779,1192489231828111360,1
4780,922225227823755265,1
4781,1021072135735922688,1
4783,952265738575806464,1
4784,388927417,1
4785,3898955560,1
4789,219482290,1
4796,2417474756,1
4797,969807489091981312,1
4800,430743919,1
4803,873734450,1
4805,995331760098627584,1
4810,4867636829,1
4815,104651157,1
4822,579379735,1
4823,4611000693,1
4824,3920761768,1
4826,418927922,1
4828,3343193247,1
4831,802604303034839040,1
4832,3039455387,1
4834,2537803918,1
4835,1125787914057678848,1
4836,194144770,1
4837,2406219076,1
4840,2965712109,1
4843,493119606,1
4845,453906713,1
4846,990899932734394368,1
4847,1168840926,1
4849,550460960,1
4850,470178717,1
4852,1096491048862449664,1
4854,756874949025988608,1
4855,541670926,1
4857,549050267,1
4858,721957168015126528,1
4859,1008565081,1
4860,718075306,1
4861,1088147570961068034,1
4866,950717886431219712,1
4867,410658801,1
4868,772842728405295104,1
4870,1193463992,1
4876,116050560,1
4877,2889345052,1
4882,108697756,1
4883,1255611302,1
4884,2714596672,1
4885,885157657543356416,1
4886,702830607303368704,1
4887,984109345104449538,1
4890,382168042,1
4894,1020380156194631680,1
4897,2437178138,1
4900,3305939879,1
4905,885137148374134784,1
4910,1405654166,1
4919,1043581593946869760,1
4923,457870351,1
4924,776032555,1
4942,485067676,1
4945,1152861351372570624,1
4946,1473979718,1
4949,909156725659402240,1
4950,1037076323599114241,1
4956,2720583173,1
4957,713942268,1
4959,324293502,1
4962,52337911,1
4968,1400701532,1
4973,541787569,1
4975,2190085780,1
4977,1322543941,1
4979,1083783097869651968,1
4983,873619830372528132,1
4984,808904481832337409,1
4986,117175340,1
4988,4812489255,1
4990,837024514739421188,1
4997,824700720876290052,1
5000,2246652695,1
5003,1041222319744720897,1
5005,849294338706345984,1
5022,1007797177408806912,1
5027,2248474104,1
5029,1045413120,1
5030,2613252164,1
5035,859500037981835264,1
5036,1014815928,1
5039,1088748639349100544,1
5041,789419320984166401,1
5046,328022080,1
5047,734441327660834817,1
5054,1317907940,1
5068,934815711683325953,1
5069,397853516,1
5073,883766218758529027,1
5074,822200874,1
5078,916300845175787522,1
5080,1090595970247725056,1
5083,867484276840947714,1
5085,986872189201895425,1
5091,124836457,1
5092,1032721204312985602,1
5094,850457504303783940,1
5106,777845439148224512,1
5109,2546064788,1
5113,475234937,1
5114,799504971502944257,1
5116,713092266324312065,1
5117,1025397335298334721,1
5122,78839765,1
5126,1041425557567635457,1
5136,1159915009,1
5137,1004438275208212480,1
5139,784525968,1
5140,367231920,1
5141,1172154724285632512,1
5142,493901532,1
5145,2558902900,1
5148,1737332791,1
5149,2570957394,1
5151,981097827299397632,1
5156,549451829,1
5158,127302531,1
5162,1143943514016948225,1
5163,831045417005613056,1
5164,1472564443,1
5167,946357302835273728,1
5169,319342552,1
5170,901504367798431744,1
5174,176110216,1
5176,916359502844387333,1
5177,1070784681480740864,1
5178,1146147427,1
5183,1448557296,1
5184,1142382141747146752,1
5186,1610780311,1
5191,2715689925,1
5193,457889747,1
5205,3191192553,1
5210,1047987218,1
5215,895308466990047232,1
5216,351555225,1
5226,4747949368,1
5230,1003613418669166592,1
5231,4889288669,1
5235,2385799301,1
5238,2320321929,1
5240,354778269,1
5242,831054785931571203,1
5247,706829050145337344,1
5249,974579030,1
5250,995021599,1
5253,962989620,1
5254,1250177731,1
5255,2173072229,1
5265,902182351463206913,1
5267,245969509,1
5269,797083645878169600,1
5270,1002275698990571520,1
5271,363701163,1
5273,190631975,1
5274,1082303336483835905,1
5276,872436137771626497,1
5277,363324456,1
5278,479798072,1
5279,911911193882845184,1
5280,632735778,1
5284,3590817526,1
5289,1112832546453241863,1
5294,539254998,1
5295,1440784603,1
5298,3613396888,1
5299,371167537,1
5301,2182233516,1
5303,2709746697,1
5304,806193776519770112,1
5305,841701064118284288,1
5307,546960359,1
5308,1169893467289354241,1
5309,409960508,1
5310,554260599,1
5313,2768833305,1
5314,393550671,1
5315,4227752308,1
5317,905128054409879552,1
5318,985259745975197696,1
5320,3028809503,1
5321,954665625829462018,1
5322,754616685370413056,1
5324,3602153362,1
5325,1443830137,1
5326,627375615,1
5338,942395277209755648,1
5342,3338651327,1
5352,481938301,1
5353,1626143233,1
5354,405883804,1
5355,1137432630,1
5356,542548905,1
5357,342102454,1
5359,541162463,1
5364,3395499280,1
5365,3387134487,1
5367,1130217099635384321,1
5369,2187374813,1
5371,1126824827208306688,1
5373,1138920392364625922,1
5375,973585408255823872,1
5377,704078981591646208,1
5378,1672302936,1
5384,452117960,1
5385,2365245835,1
5386,721468056686501889,1
5389,3374222380,1
5390,1177268392308465664,1
5391,4793120962,1
5392,1179711277,1
5395,1196722814696525824,1
5396,1170073584783503361,1
5397,4798296257,1
5398,96340114,1
5399,1169345013777600518,1
5400,1166451475821846530,1
5403,532222780,1
5404,1009010106443366406,1
5405,2649183637,1
5407,2274787244,1
5410,166920982,1
5413,1250267900,1
5418,1219503126,1
5419,936516431142948864,1
5420,1033464147957231616,1
5422,831768450,1
5423,4069896899,1
5426,283140385,1
5427,171447577,1
5428,314192197,1
5429,993896032202346499,1
5430,1122017018,1
5431,1014483045255204866,1
5432,539097164,1
5433,110454337,1
5435,2255182433,1
5436,912365491443916800,1
5438,1745966046,1
5440,849274159,1
5441,4264082896,1
5442,1055464232,1
5443,2743258907,1
5444,306496514,1
5448,873852289508880384,1
5449,41068452,1
5452,778693643976581120,1
5457,3612305417,1
5462,919002031775510528,1
5463,917304116270989312,1
5465,81637419,1
5470,3925409913,1
5471,1393015957,1
5472,2237957383,1
5474,3103748006,1
5482,1155902934930067456,1
5488,2460156105,1
5491,836237598,1
5492,421723805,1
5495,119420668,1
5501,278720599,1
5507,965643824784723970,1
5508,1025430856918347777,1
5509,564789344,1
5513,892352003845836800,1
5514,272258995,1
5515,437635996,1
5517,4909671616,1
5519,3418726954,1
5520,1131063152,1
5528,181592477,1
5530,3422534909,1
5535,963128776841457667,1
5539,761170444904964096,1
5542,1037006711314423810,1
5546,2471100342,1
5547,528694205,1
5549,1087849336241905664,1
5550,1094367407878098944,1
5553,436870309,1
5554,709081244638846977,1
5555,600444803,1
5557,2405837416,1
5558,955143768889536512,1
5559,48677821,1
5560,596410939,1
5564,2314008111,1
5567,2337543521,1
5568,108985077,1
5570,721992165505835009,1
5575,1027112602751643648,1
5578,251868576,1
5579,2337153800,1
5580,1171937084,1
5581,1841792678,1
5582,1290963050,1
5583,522780512,1
5584,1042853580426932224,1
5585,342065581,1
5586,303301834,1
5587,1603851356,1
5588,351678178,1
5589,3092536996,1
5590,827046914285830144,1
5591,3261069747,1
5592,482496212,1
5593,2914517885,1
5594,1194255556338495490,1
5595,1011676297112834049,1
5596,559064556,1
5597,207973622,1
5598,2341083257,1
5603,727956007,1
5605,2460104746,1
5606,885873404078903297,1
5609,512919324,1
5610,1134266537739739136,1
5611,2916948582,1
5613,1083078840,1
5614,777777871,1
5615,1062790024981344256,1
5616,1153166801389477888,1
5617,1038934473730138113,1
5618,402995375,1
5619,256468638,1
5625,1006510829649518592,1
5628,138400744,1
5632,2987972555,1
5634,1178318833171537920,1
5635,2954968366,1
5636,4264534757,1
5637,2195968707,1
5638,427383626,1
5639,1063508227952975877,1
5640,206832958,1
5641,1291276076,1
5647,1113725275123138560,1
5649,909863224593588228,1
5655,186390637,1
5656,937591685080670208,1
5659,1164343506,1
5660,4838736117,1
5661,891305695861235713,1
5662,491144884,1
5663,827747210,1
5664,1053381743363923969,1
5665,2561943826,1
5666,576070388,1
5667,989192558,1
5668,1613377874,1
5669,3964086081,1
5671,1160196692135821312,1
5672,793591515796934657,1
5678,1275154423,1
5680,402845604,1
5682,948461033609465856,1
5683,1084466895468875776,1
5684,1266769243,1
5686,387601646,1
5687,2308779818,1
5688,608863067,1
5689,720941698323476481,1
5690,792270532565671936,1
5691,366660837,1
5692,856920898846240771,1
5693,3368018859,1
5697,53624693,1
5704,1260555080,1
5706,603612465,1
5711,1865508474,1
5712,452350565,1
5715,871143564947988483,1
5716,1517788118,1
5720,2412384024,1
5722,780387463571369985,1
5723,1114805172864212992,1
5725,2983023015,1
5730,425056890,1
5731,231568474,1
5733,716939268829085696,1
5734,407741225,1
5735,592269529,1
5736,1085531312,1
5737,14600788,1
5738,2828396831,1
5740,980074483,1
5743,401283756,1
5744,468689162,1
5745,1172174621937979392,1
5747,964278129706586113,1
5748,2748336785,1
5749,532572724,1
5751,4536097839,1
5753,334640323,1
5754,947879034,1
5755,291018700,1
5757,2511415512,1
5758,2784216706,1
5761,1000144495499993089,1
5763,857323772906483712,1
5764,2394684582,1
5767,2515461941,1
5771,465921722,1
5775,1241792646,1
5776,102052099,1
5778,286328359,1
5779,1006442550,1
5780,27918523,1
5781,12752012,1
5783,2178600592,1
5785,784004960493199360,1
5786,799219281451958272,1
5787,1440742050,1
5789,4243675906,1
5790,845781758,1
5791,1184856664303910913,1
5795,730499663506382848,1
5796,910216669208903682,1
5797,1259041459,1
5800,2272945546,1
5801,808059621885771777,1
5803,779673493847801856,1
5808,211429477,1
5811,553143096,1
5812,1339529246,1
5813,1108660999731728384,1
5816,1171331901786906625,1
5818,2967731379,1
5820,585883841,1
5823,835896845830344704,1
5824,943786068981239808,1
5825,2639890355,1
5826,44882802,1
5827,4853392221,1
5829,2860679039,1
5831,1622970242,1
5832,2324171570,1
5834,1251089251,1
5835,2239941328,1
5838,296832232,1
5840,883025867714297857,1
5841,1209215072,1
5842,1072128337009627137,1
5843,359421043,1
5846,1106253932777623552,1
5852,1316658380,1
5854,3004247111,1
5856,431884957,1
5857,710589026840002561,1
5858,1204416714,1
5862,2918437683,1
5865,969926737361604608,1
5866,2336431904,1
5871,2501385609,1
5872,3156038764,1
5874,1069263193,1
5875,1121849055955640320,1
5877,326183612,1
5878,541178236,1
5879,2716446892,1
5881,1171525517461188618,1
5882,108592050,1
5883,359265217,1
5884,2474642846,1
5886,3351692872,1
5888,600280702,1
5889,804321966,1
5890,1010641327862833152,1
5891,95514032,1
5892,884460743453798401,1
5893,1106992553004617730,1
5895,1224996284,1
5897,443588280,1
5898,2895077031,1
5899,2434174828,1
5902,744659342738210816,1
5903,717970219596165120,1
5905,1901258058,1
5906,124814660,1
5907,1052813992807329792,1
5908,4197095417,1
5909,750419127655858176,1
5910,2499922459,1
5912,884875476380127232,1
5913,962239504894578688,1
5914,474032443,1
5915,1120712993271099393,1
5916,1037798474820059137,1
5917,1006252077536997377,1
5919,1103263948533612546,1
5921,2189314698,1
5922,411197067,1
5923,927155070348726272,1
5924,1017397864501334017,1
5928,1065547221754658817,1
5929,20849130,1
5931,935148661356531712,1
5932,1087096068096081925,1
5935,946702206669029377,1
5936,376935892,1
5937,296721949,1
5943,1331889974,1
5944,1022178490249105408,1
5945,921025894881349635,1
5946,960964903401152513,1
5947,507797061,1
5948,1181989364,1
5950,221535008,1
5951,305255857,1
5954,3293321302,1
5955,432869768,1
5956,42084305,1
5957,1922840113,1
5958,2407748559,1
5960,475202380,1
5961,999371760,1
5962,2408803254,1
5964,3063894915,1
5965,1024485775,1
5966,1460673890,1
5967,2187027482,1
5968,969819186443759616,1
5970,978660801241403392,1
5971,887682151591940099,1
5972,1165545934207537152,1
5973,876530600,1
5974,564360716,1
5975,824751652351643651,1
5977,52165227,1
5978,1118055262508679169,1
5979,342520266,1
5980,4342920694,1
5981,1072788224207175680,1
5982,1164495709250445312,1
5983,2233023876,1
5984,1070742276417167361,1
5985,746981918999207937,1
5986,1289227574,1
5987,777421233319280641,1
5988,3911482575,1
5989,2348837399,1
5990,607978139,1
5991,128494736,1
5992,417265094,1
5993,1017327468,1
5995,2400285224,1
5996,1145218852151812096,1
5997,742773156843257856,1
5998,888268895341035520,1
5999,326079212,1
6001,287294555,1
6002,1072892028697145344,1
6003,1247372630,1
6004,974377427622297600,1
6005,1121951191,1
6007,904782497082478592,1
6009,498439069,1
6010,1595843437,1
6016,632742781,1
6017,1127921588698013697,1
6018,399553357,1
6021,863250044543262720,1
6022,1227684637,1
6023,1230291919,1
6024,895074662,1
6026,910481652,1
6030,342534559,1
6031,230284385,1
6032,961833858097332226,1
6039,1031270346895372295,1
6040,139539237,1
6041,593817814,1
6042,1090121246,1
6043,584528289,1
6044,2887988230,1
6045,892007657208459265,1
6046,2891356306,1
6047,166596212,1
6048,1177553829660770305,1
6050,805496218893877248,1
6051,2236289286,1
6052,755415252234280960,1
6053,1064245830,1
6054,1125860282490920961,1
6057,848984315698524160,1
6058,2383579672,1
6060,444602441,1
6061,2196197082,1
6063,1492509740,1
6065,872114795851517952,1
6066,2378304741,1
6067,509915182,1
6068,2438105965,1
6070,533112380,1
6071,263707432,1
6072,1367265864,1
6073,567083810,1
6075,2256287230,1
6076,765324667,1
6078,1479778964,1
6079,53900919,1
6080,1010087708260274177,1
6083,48703681,1
6084,1091348946839060485,1
6085,476161307,1
6086,2231463645,1
6087,416439103,1
6088,703708224168599552,1
6093,1095309559369998336,1
6095,404081645,1
6096,1157625903880577024,1
6098,2327839710,1
6099,419755092,1
6100,768560791347990528,1
6102,1732219614,1
6103,416340182,1
6104,1109601922783346688,1
6105,1314132968,1
6106,4702970784,1
6108,2244779704,1
6109,4549226901,1
6110,2564103379,1
6111,1413176749,1
6112,1033723490720014337,1
6113,3405754709,1
6114,465753888,1
6115,1379956645,1
6118,792793865489117184,1
6121,460216069,1
6122,986811270,1
6123,1023124394158288896,1
6126,996289791951015937,1
6127,1164502836589281282,1
6128,1040130286451941377,1
6129,990302244003368961,1
6130,1009503849332297740,1
6131,708773624,1
6132,955021317564256256,1
6133,2245641690,1
6134,1962349980,1
6135,517932775,1
6136,736548885385056257,1
6137,1151241080333066242,1
6138,1158407354326691844,1
6142,103000463,1
6143,1046435184332222464,1
6144,1926324451,1
6147,618351675,1
6148,1006542218,1
6150,1390354352,1
6151,360584733,1
6152,56646271,1
6156,428166506,1
6157,1707305624,1
6158,822539018885853187,1
6159,3295578989,1
6160,1121099290233987073,1
6161,3357308483,1
6162,1110202813,1
6165,725968843563225088,1
6166,1707121399,1
6167,1269389234,1
6168,1159393215855976449,1
6169,208197262,1
6170,1592972636,1
6171,2231793000,1
6172,582152087,1
6173,759421138116218880,1
6174,2751782307,1
6175,977194732068790273,1
6177,995840042,1
6178,2527780688,1
6179,743779047591796736,1
6180,3009283112,1
6181,372937945,1
6185,1153451365794045953,1
6186,831905911,1
6187,698226027756126210,1
6189,15317484,1
6191,2372786791,1
6193,23042159,1
6194,869886838097551360,1
6198,510248977,1
6199,826701868659253248,1
6200,101456289,1
6201,221459764,1
6203,1051181928370634753,1
6204,1154934108,1
6205,1000859842179977218,1
6206,396104852,1
6207,1144209364502401025,1
6208,1035262514068639744,1
6209,2512399892,1
6210,828367974612529152,1
6211,536769582,1
6212,138159406,1
6215,730365142454636544,1
6217,1153908577402269696,1
6218,890940074275344387,1
6219,1045422470038261760,1
6220,1930613306,1
6221,1396414448,1
6224,713663420827049984,1
6226,1136588611250528261,1
6228,364926584,1
6229,1539407683,1
6230,862919533929123840,1
6231,2951425072,1
6233,1063899966,1
6234,1006859155481784323,1
6235,2752679446,1
6236,2970015723,1
6237,2766471181,1
6240,27427189,1
6242,489519253,1
6243,1284133902,1
6244,994658695115165696,1
6246,797089304648581120,1
6247,1188747669528891392,1
6248,876049211657211905,1
6249,1012893330,1
6251,1008326401,1
6252,194275021,1
6253,1152008624044236800,1
6254,478092818,1
6256,1362144619,1
6258,1006735064,1
6259,555001150,1
6260,881963377123364864,1
6262,331540469,1
6263,1696649335,1
6264,2993829604,1
6269,1178749072116727810,1
6270,927122457894453248,1
6271,503351518,1
6272,1015887595509899264,1
6273,1256599404,1
6274,1006635042653786112,1
6275,772938597137801216,1
6276,2374304095,1
6277,1158736219699892224,1
6278,939170569,1
6279,3631495096,1
6280,1230326946,1
6281,1001549014796468225,1
6282,2627013992,1
6284,1653890444,1
6285,971047460071268353,1
6286,1496843330,1
6287,1083726745,1
6288,60836149,1
6289,268452474,1
6291,4063692863,1
6292,389954796,1
6293,1095009187682238464,1
6294,1537221842,1
6295,437607577,1
6296,1004362028230864896,1
6298,1324794918,1
6299,882878193555918848,1
6300,1170955067710758912,1
6301,1033970430481260544,1
6302,546654601,1
6303,741147210,1
6304,881806877146968065,1
6305,807581581,1
6306,1017371210,1
6307,4858151325,1
6308,4019910797,1
6310,928277269000355840,1
6312,461454439,1
6313,381147767,1
6314,1164130819147014144,1
6316,756852859409489920,1
6318,1088409703,1
6319,2331521598,1
6320,1151182261104140289,1
6322,1102597913958666240,1
6323,1022791477313851392,1
6324,106842211,1
6325,897054630,1
6326,4085103375,1
6327,2769204057,1
6328,2454172449,1
6329,1657981051,1
6330,2437846648,1
6331,154042579,1
6332,824273434473598978,1
6334,719777330,1
6335,492161131,1
6336,876376471224410112,1
6337,549190317,1
6338,972872618,1
6339,431210035,1
6340,406937304,1
6341,1009912099,1
6342,2370915699,1
6343,1035460693,1
6344,2303836510,1
6345,3342960040,1
6346,3127156510,1
6347,99973010,1
6348,1485090944,1
6349,903207318501957632,1
6351,318574961,1
6352,741338484,1
6353,607517520,1
6354,1183623630,1
6356,744062876512575488,1
6357,502998687,1
6358,2928096323,1
6361,1829960281,1
6362,1019914269494792193,1
6363,973280548545355776,1
6364,952158429073862657,1
6365,887350652459941888,1
6366,1038918526810185730,1
6367,2338484714,1
6368,2941915384,1
6370,980195960,1
6371,376378946,1
6372,281346563,1
6373,930415257176170496,1
6374,3316904471,1
6375,485727092,1
6376,424989077,1
6378,2227227199,1
6379,2605826035,1
6380,423446574,1
6381,4178168602,1
6382,1143659612,1
6383,241941721,1
6384,978188069890387968,1
6385,1091081666716725255,1
6386,1068728030,1
6387,239528764,1
6388,1345361696,1
6389,2592169726,1
6390,1004088405838499842,1
6391,481328774,1
6392,1074712121160724483,1
6393,271531310,1
6394,763026515357564928,1
6395,1522146277,1
6396,1073653279534522368,1
6398,417123642,1
6399,84551586,1
6400,714416719,1
6401,801451967306432512,1
6402,541566393,1
6403,1261685750,1
6404,782287024787034112,1
6405,267284147,1
6406,446380041,1
6407,2299705635,1
6408,342077520,1
6409,785779065617846272,1
6410,1086046191786311681,1
6411,1387916838,1
6413,1047238929068544006,1
6414,997450507751952384,1
6415,987680783132516353,1
6416,827878978564345857,1
6418,885955723427024898,1
6419,2176575594,1
6420,1145587750583853056,1
6421,1042113521968918529,1
6423,1169679575233773568,1
6425,856063725249466369,1
6426,1013535530,1
6427,925840436,1
6428,1582991599,1
6429,1008085829808459778,1
6430,965905344546459650,1
6431,1159893804465446914,1
6433,729861715970658308,1
6436,952952036378730496,1
6437,769948963495616512,1
6438,1185037188855148545,1
6439,3380511171,1
6440,830899827571572736,1
6441,1687760882,1
6442,386811105,1
6443,1041732827690229761,1
6445,523873119,1
6446,931543752,1
6447,1089909244302888961,1
6448,257491066,1
6449,205888140,1
6450,1038909791966572549,1
6452,1032326690264018944,1
6454,1131891386482085889,1
6455,986916030,1
6456,826019880126263296,1
6457,454661242,1
6458,1089286297,1
6459,2389687188,1
6460,583941667,1
6461,2302778172,1
6462,128242325,1
6464,301717777,1
6465,3138188655,1
6466,1042691054,1
6467,1074110762,1
6468,1217043228,1
6469,38968613,1
6470,702510257092829185,1
6471,1000698098446893058,1
6473,398913989,1
6474,1170008913758052353,1
6475,1054764887992352768,1
6476,1933721449,1
6477,2199788081,1
6478,745339531566661632,1
6479,825443960260788228,1
6480,3080475706,1
6481,985142934726160384,1
6482,1518699715,1
6483,4925524607,1
6484,373871228,1
6485,3295712805,1
6486,1058256644,1
6487,416531773,1
6489,510676186,1
6491,913517476289314816,1
6492,82083043,1
6494,3019658033,1
6495,3323385291,1
6496,537174810,1
6497,1022095164406476800,1
6498,744647717712977921,1
6499,1149753555840045056,1
6500,455888650,1
6502,68159375,1
6503,991690824948834305,1
6504,2402653372,1
6505,330602048,1
6506,4003760231,1
6507,594868343,1
6508,1017074610356047873,1
6509,1067889004983590920,1
6511,1011364610987962370,1
6512,2574810741,1
6513,903890335,1
6514,96383439,1
6515,3008763837,1
6516,1005873765203501056,1
6517,2179948113,1
6518,927841274098520064,1
6519,967436660001640448,1
6521,1151120124730060801,1
6522,1217992189,1
6523,4430514975,1
6524,419480982,1
6525,1181847132766113792,1
6526,3426504598,1
6527,1591326475,1
6528,779275367274188800,1
6529,948500122610163712,1
6531,2906554709,1
6533,2261802180,1
6534,589995887,1
6535,1150713666251186176,1
6536,1170320178703454209,1
6537,4438736963,1
6538,931508288,1
6539,2200290805,1
6540,465800391,1
6543,2252896413,1
6544,2301111365,1
6545,793205307094790144,1
6546,2323971608,1
6547,436679329,1
6548,2675356905,1
6549,387345110,1
6550,1107078985056440320,1
6553,990883430,1
6554,419778202,1
6555,3019447804,1
6556,1379962796,1
6557,2359406918,1
6559,519356612,1
6561,3217372921,1
6562,122030995,1
6563,817043822932873216,1
6564,2940999287,1
6565,87048339,1
6566,4914915772,1
6567,472475185,1
6568,1109639072,1
6569,2240430920,1
6570,742094210447335424,1
6572,2174691850,1
6574,448402028,1
6575,2377247953,1
6576,1087476792007495680,1
6577,414108131,1
6579,3356485570,1
6581,1018205158474428416,1
6583,2822011228,1
6584,1395756943,1
6585,399004979,1
6587,226491336,1
6588,1134449079478603778,1
6589,840304898,1
6590,902486477992583169,1
6591,824173479624896513,1
6592,719436488094650368,1
6593,856380782847422464,1
6594,1179044288103157760,1
6595,913718930404990977,1
6596,497279830,1
6597,733671908386955266,1
6598,1337284062,1
6599,926836072956403712,1
6600,911650004955226113,1
6601,2713176561,1
6602,1395882728,1
6603,4825702601,1
6604,2955233225,1
6605,833219221,1
6606,433604815,1
6607,1097401157272694784,1
6608,837011866517917697,1
6610,195320652,1
6611,1089174832024035330,1
6612,2983402306,1
6613,857709675885858816,1
6614,137120635,1
6615,1170282243996180481,1
6616,3377922353,1
6617,474442199,1
6618,1154485065029750784,1
6619,608149538,1
6620,908107531,1
6621,879031929965817856,1
6622,1642093789,1
6623,1102449715,1
6624,2328829536,1
6625,1006081105567670272,1
6626,948454810403123200,1
6627,1383002431,1
6628,2235916268,1
6630,47585054,1
6631,464400923,1
6632,820656984982769664,1
6633,1073339145446178816,1
6635,187152000,1
6636,701812518495330306,1
6637,777506688316411904,1
6638,526273975,1
6639,2340548342,1
6640,3065982783,1
6641,1162361312,1
6642,453186451,1
6643,1047925196064284674,1
6644,2965029519,1
6645,1145087891141476353,1
6646,1227988316,1
6647,67920410,1
6648,1132954639236849665,1
6649,809741263,1
6650,880877150257152001,1
6651,757673821,1
6652,1934584232,1
6653,2248969512,1
6654,386145254,1
6655,1857099379,1
6656,1873008853,1
6657,1010607389828112389,1
6658,4187056599,1
6659,319106670,1
6660,365633533,1
6662,932375939987763200,1
6663,937774693,1
6664,1835898876,1
6665,82926718,1
6666,771717960171945984,1
6667,2902809855,1
6668,541112195,1
6669,3331059982,1
6670,1006094974423830529,1
6671,3155822716,1
6673,400798557,1
6674,1141670317267591175,1
6675,1874501234,1
6676,1092695278061346816,1
6677,251106558,1
6678,3170191802,1
6679,366078465,1
6680,517930094,1
6681,1296509725,1
6682,960990213769179137,1
6683,1879889592,1
6684,1150447155313815552,1
6685,893088899043557376,1
6686,1041046500162392064,1
6687,89952017,1
6688,50578064,1
6689,142213964,1
6690,3345673576,1
6691,2660808424,1
6692,414385318,1
6693,1020833282,1
6694,931126637508382720,1
6695,3290570284,1
6696,2949662763,1
6697,510097129,1
6698,942060134905376768,1
6699,896479197081853956,1
6791,1089107530247221249,1
6922,1133446553023209473,1
6930,934467465551269894,1
6931,998138210,1
6940,1454502163,1
6956,22188018,1
6969,954309481,1
6971,2804233346,1
6975,984482965576089600,1
6977,1183534806,1
6997,2444629625,1
7005,107517248,1
7013,1159357051220480000,1
7014,96960470,1
7018,1000326701740711936,1
7024,594793423,1
7025,859512900414832640,1
7031,3928901475,1
7057,184015853,1
7061,1112453260210855936,1
7068,1158416131050364928,1
7081,371975664,1
7083,558053080,1
7085,992911182515318784,1
7087,65966309,1
7088,471445189,1
7089,424962086,1
7090,1557557558,1
7095,1893394914,1
7097,1357667514,1
7098,1286536202,1
7099,142210315,1
7100,1170422585580019713,1
7105,1148226661,1
7112,1174975547614433282,1
7133,296371084,1
7134,1142461225974075392,1
7135,1086702385,1
7141,465408460,1
7142,961225983050289152,1
7150,1274855814,1
7154,67107066,1
7155,280738990,1
7156,481375605,1
7164,1092527663359713286,1
7166,1227251701,1
7169,1146848898973097984,1
7170,1061429985494347776,1
7175,634511292,1
7176,982925389919080448,1
7181,797506411148312576,1
7188,773460842276855808,1
7189,1227754856,1
7190,1092873760900894721,1
7191,1172068224315330560,1
7192,764060814,1
7198,585968039,1
7201,1063458130443550722,1
7203,2182443094,1
7206,818791203038756866,1
7207,246176401,1
7208,1177910343579967488,1
7209,1162397087138496518,1
7210,1116690890750353408,1
7211,627784163,1
7212,232559332,1
7214,2875628445,1
7220,775772879053029380,1
7222,787154028,1
7224,3685557809,1
7226,871629992580579329,1
7227,1120357062,1
7228,1104065818084757504,1
7229,717441038063939584,1
7230,390650130,1
7231,551303014,1
7232,431172304,1
7235,453851050,1
7237,97462215,1
7238,1136617245403209728,1
7239,1388854795,1
7240,905769986668548097,1
7242,1620754188,1
7244,3036745805,1
7245,26295447,1
7246,1627031726,1
7248,1077740636,1
7249,497283729,1
7250,1147876400,1
7253,51848394,1
7254,4794414694,1
7255,3672854235,1
7256,379256309,1
7257,1713414678,1
7258,1223294028,1
7260,1425562926,1
7261,983695158746247169,1
7262,3091729227,1
7264,960819725856059393,1
7266,700841898,1
7268,3247220764,1
7270,1178930644493185024,1
7271,2409574284,1
7272,893070474627907585,1
7273,1466929356,1
7274,870584924,1
7275,1112793000059527168,1
7276,49685654,1
7277,77624734,1
7278,1054684668833005569,1
7279,3001540073,1
7280,1072888721178013697,1
7282,1163904272737718278,1
7283,2674605384,1
7284,2196193971,1
7285,2592758547,1
7286,1152841634922532864,1
7287,555374641,1
7288,359575076,1
7289,1112306175771664384,1
7290,1022594631236812800,1
7291,1171768491747229696,1
7292,3355557795,1
7293,828306291756060674,1
7294,68421930,1
7295,1189857589246537729,1
7296,1138025845036072960,1
7297,2274971088,1
7298,766445270,1
7299,493833883,1
7314,2322670973,1
7322,1007674407987417090,1
7328,1045707647440302086,1
7336,2381627434,1
7367,1176799646900981760,1
7376,2437293810,1
7393,738350242597310464,1
7414,2588652970,1
7419,869963379204608000,1
7423,2220104545,1
7431,313517712,1
7436,1054832415800246272,1
7443,268481482,1
7446,2898227979,1
7453,1164304033,1
7454,970637990216241152,1
7466,2576093422,1
7471,22958706,1
7474,1073339297355456512,1
7483,751776180957741056,1
7493,1035376896,1
7497,1039150050843275264,1
7500,2585402664,1
7504,256506903,1
7510,947989683237212161,1
7512,1001104042376998912,1
7514,1000632084,1
7518,4259706735,1
7519,883606908413906944,1
7520,2276716150,1
7523,471141787,1
7524,14060262,1
7525,936634766719356931,1
7530,447896469,1
7531,1030647081936019457,1
7532,904753783,1
7533,1016224840045551616,1
7534,1060609828849094658,1
7535,982244540542144512,1
7536,1058712916856369153,1
7537,1169382144969465856,1
7538,460085361,1
7539,799363399977201664,1
7540,526557515,1
7541,397894819,1
7542,2330694763,1
7543,4185034305,1
7544,1314884155,1
7545,972693895,1
7546,2365530941,1
7547,1130034157378244608,1
7549,785129133009494021,1
7586,330554495,1
7634,1093535050757476355,1
7722,1042764271552212992,1
7749,4829785811,1
7754,4611199415,1
7773,2276659249,1
7778,3297712025,1
7779,1278594008,1
7780,1195786270527643653,1
7781,1121931434,1
7786,580027066,1
7788,538529568,1
7789,755007897684340736,1
7798,537618659,1
7803,4200978508,1
7804,413915034,1
7805,913522100975144962,1
7807,1089391746,1
7808,1196687760788205568,1
7810,726721856749842436,1
7816,487524602,1
7820,1068849169455042561,1
7821,4005634240,1
7822,4147861697,1
7825,268899621,1
7826,738092501853216768,1
7827,2464517410,1
7829,777682398,1
7831,2220495667,1
7833,416416631,1
7835,1168168001096552448,1
7854,1021332450893541376,1
7885,1175080637046370307,1
7887,1163431789555306498,1
7890,2464828514,1
7905,45176195,1
7908,981271964798070785,1
7919,731343264,1
7925,1858048118,1
7933,3298655780,1
7935,548631951,1
7938,733984270499319808,1
7941,1412500075,1
7944,312928427,1
7946,437573164,1
7949,1010188012444114951,1
7951,942670696202883072,1
7952,879276528097427456,1
7953,368551583,1
7955,1036686307714641920,1
7973,118978778,1
8008,1219944530,1
8131,125374717,1
8145,866963904,1
8146,122976053,1
8164,2412421439,1
8167,785426151602790404,1
8174,1002602227167584256,1
8175,430139069,1
8181,2712761779,1
8182,492136342,1
8184,883558925597114369,1
8199,146429429,1
8206,1114933988,1
8210,936126708259999744,1
8211,226187873,1
8212,1031561270116401153,1
8213,1050871436808769536,1
8214,1118621501530476544,1
8215,141509471,1
8218,450480992,1
8234,1223037258,1
8244,981520455055085568,1
8251,903754538838097922,1
8257,1194204305034817536,1
8260,1077269276,1
8264,963471401847017473,1
8269,132880191,1
8271,895814938995957760,1
8274,819601843378671616,1
8275,45782707,1
8278,1198094372,1
8279,271838807,1
8285,1467807296,1
8290,2150801269,1
8293,861671125033639941,1
8326,1148693291430535170,1
8333,1487687390,1
8338,994222434759905284,1
8339,406981868,1
8340,1036371715641810944,1
8341,57358236,1
8360,808310822854393856,1
8373,1372573350,1
8377,319074916,1
8378,1269795319,1
8382,3090019191,1
8386,3080186967,1
8387,933621750583226368,1
8393,424084271,1
8401,899916452068823040,1
8404,839196337405034496,1
8411,1152947133638684672,1
8412,231573101,1
8414,179871513,1
8425,2834924721,1
8434,2695436575,1
8435,150725695,1
8436,158017561,1
8437,213254229,1
8438,827965299609702400,1
8439,1019550778527305728,1
8443,52424550,1
8444,744630860503199745,1
8451,319537863,1
8481,943090421928005632,1
8483,1183070649834725377,1
8484,1065341441663295488,1
8488,1160479665129234432,1
8490,1909146774,1
8492,3007884394,1
8494,835240102540492801,1
8495,2753154182,1
8501,384431924,1
8502,821719770,1
8504,275754256,1
8526,881039666035675137,1
8547,3860196976,1
8550,231198437,1
8559,1130514847450521600,1
8564,1079631981384814592,1
8572,543774554,1
8574,201906688,1
8580,2439937320,1
8581,1023972842948452352,1
8583,1015293670763921413,1
8586,484941072,1
8587,933089989,1
8595,923982550363754502,1
8601,860917372835827716,1
8642,1086260624655638535,1
8644,1181497488605433856,1
8657,1022828914966757376,1
8662,975859992040525826,1
8674,1255359818,1
8675,981843302432608257,1
8713,1007744827,1
8734,1444509260,1
8739,1083018577,1
8740,2865778413,1
8747,710520401735057409,1
8752,1012797513148129280,1
8759,888397855496568832,1
8775,1026634270247403520,1
8789,4583225809,1
8795,2665337999,1
8877,893939057511866368,1
8884,1329155760,1
8885,96576495,1
8931,489909029,1
8937,982973540310880256,1
8976,1142090560431431680,1
8978,8873182,1
8982,1120019718612705284,1
8983,1188524858742902784,1
8991,1073199771987394560,1
8998,2836615967,1
9004,776465110856589312,1
9011,831463860532027392,1
9013,469212336,1
9034,254969508,1
9050,501632050,1
9052,2436012979,1
9053,1470706141,1
9060,896048840947765249,1
9132,2377487094,1
9133,273897097,1
9258,317601604,1
9262,1029467541624770561,1
9324,2161389104,1
9344,710579736519512064,1
9433,2490640097,1
9470,923171889891209217,1
9482,1029127514,1
9495,994148481773309957,1
9535,433717645,1
9560,873992653704220676,1
9586,1019545255224455168,1
9595,3315201969,1
9597,4085520207,1
9651,886683069964484609,1
9746,1063806444380798976,1
9913,1110091339,0
9914,1430585516,0
9915,1051173812,0
9916,1380125660,0
9917,722919613,0
9918,1089519374782877698,0
9919,793367160341094400,0
9930,73598124,0
9935,1359657361,0
9937,1173492787934892033,0
9939,1556455656,0
9946,245493432,0
9947,732261819742621697,0
9949,353811477,0
9950,706619649455230977,0
9951,1583751032,0
9953,1593520453,0
9954,48140019,0
9955,974614259333246977,0
9959,94562956,0
9961,499557420,0
9963,1096445798286573568,0
9964,1857712464,0
9965,715609706,0
9967,593966072,0
9972,914522900,0
9974,50758071,0
9975,1073355817,0
9978,718036012,0
9979,60143566,0
9980,2990123956,0
9982,705458864,0
9983,1474855951,0
9984,1223264406,0
9989,903258170214187010,0
9991,788101929977180161,0
9992,1372686620,0
9993,117055267,0
9994,3266058196,0
9997,2357217412,0
9998,345591693,0
9999,498193152,0
10000,368386188,0
10001,158367488,0
10003,966592213,0
10008,1048166857,0
10009,1008791754,0
10010,58453980,0
10011,1199698669496340480,0
10014,811945712170704896,0
10015,45106167,0
10016,487064233,0
10018,1133516726,0
10020,454242885,0
10021,733026190689210368,0
10023,2227526898,0
10024,1386751423,0
10030,3157848749,0
10033,1216009520,0
10035,2222783701,0
10040,531216203,0
10041,464547767,0
10042,1385515147,0
10043,4922888463,0
10046,2714607003,0
10048,2336248313,0
10049,1025825060538462209,0
10050,468617175,0
10051,3632565147,0
10052,2976226983,0
10055,527516661,0
10056,52019004,0
10057,2364487620,0
10059,3457278627,0
10060,4195964895,0
10062,978661336497491969,0
10063,2308779218,0
10064,939966708969885696,0
10065,971444556502831105,0
10068,784280640,0
10069,428411075,0
10070,2471595815,0
10071,72012966,0
10073,48054700,0
10074,401449031,0
10075,29521878,0
10077,182411035,0
10079,264318097,0
10080,1041396667684012032,0
10081,970835599,0
10082,852530581808324608,0
10083,428368107,0
10084,610972828,0
10085,1031232073057673217,0
10086,119410254,0
10087,836339542865166339,0
10088,927107869325103104,0
10089,435731566,0
10090,2252146516,0
10095,1045017683610267648,0
10100,702758072629010432,0
10106,1336254342,0
10107,436239851,0
10108,936180223011442689,0
10110,1544093054,0
10112,3012633316,0
10114,1019179153126510593,0
10116,1150467950723444736,0
10118,1051577259755298817,0
10120,1553287434,0
10121,869873746559062017,0
10122,907907828224012288,0
10125,102023138,0
10126,3230165817,0
10127,1051325084,0
10128,2956358817,0
10133,85143600,0
10136,410904136,0
10137,4736673647,0
10138,3376129097,0
10139,1172663630,0
10140,2353478952,0
10143,1912288435,0
10148,3993339917,0
10149,4830782164,0
10150,1161729726286827521,0
10152,214641739,0
10153,1431339774,0
10154,1226137165,0
10155,2288712929,0
10158,3086634161,0
10160,460497344,0
10161,491474832,0
10162,403666635,0
10164,57927028,0
10165,364796710,0
10167,512463968,0
10168,4861481447,0
10169,1272975025,0
10170,371749840,0
10172,420675994,0
10173,522221243,0
10174,1079810941204791296,0
10176,43309580,0
10177,520206776,0
10179,2983119910,0
10184,150432071,0
10187,1026526156852477952,0
10189,579152365,0
10190,1672785698,0
10191,149880470,0
10192,1176848460,0
10193,808215598488489984,0
10196,416142792,0
10197,179984406,0
10198,16604813,0
10199,971421779318239233,0
10201,273521415,0
10203,746773661835747328,0
10204,832590570925195266,0
10213,526191743,0
10214,1142667001,0
10215,1008739810339639296,0
10218,313265631,0
10219,409591356,0
10221,805346176291766272,0
10223,4528480702,0
10224,714028450659569664,0
10226,389473754,0
10227,4925616683,0
10228,41328420,0
10229,2973599362,0
10230,20437369,0
10231,343926854,0
10232,1231083176,0
10233,379347952,0
10236,1132588860330917888,0
10238,278620180,0
10239,1225527384,0
10242,516504841,0
10248,377660882,0
10249,1020249080444964864,0
10251,36636510,0
10252,77996203,0
10253,1034888664390795264,0
10254,398684690,0
10255,3042840742,0
10256,272870822,0
10257,130510445,0
10260,2156336219,0
10261,506393031,0
10264,562440912,0
10265,2843674942,0
10266,408106530,0
10268,1020884688,0
10269,977309495033565188,0
10270,236055365,0
10271,987419874472415233,0
10272,618244710,0
10275,4793622923,0
10276,95295597,0
10277,1005171613409701889,0
10278,309304789,0
10279,440129638,0
10281,720969363445166084,0
10283,322528854,0
10284,1357710228,0
10285,2002721,0
10286,267752608,0
10287,514552306,0
10288,1367905518,0
10289,38415203,0
10291,945407058,0
10292,1145548964,0
10294,1230621631,0
10295,881890537,0
10296,1039152966,0
10299,401568347,0
10301,433418060,0
10303,2510907513,0
10306,989346433,0
10308,1096515533887942658,0
10309,829801297830371330,0
10310,1953430410,0
10311,1056875329464266754,0
10312,402890008,0
10313,820921071989882880,0
10314,1346756418,0
10315,856874911,0
10317,482231012,0
10319,477543705,0
10320,1342124510,0
10321,344093432,0
10322,224759837,0
10323,1039424318,0
10324,145509080,0
10326,374718632,0
10327,366273513,0
10328,455200915,0
10330,404724420,0
10331,901024626402357248,0
10333,439152986,0
10334,471846501,0
10335,856906760,0
10336,433886380,0
10337,541824556,0
10339,1035648571163521024,0
10340,500881322,0
10341,1369859876,0
10343,160802930,0
10344,2921612434,0
10346,4866203493,0
10347,952286133534281728,0
10350,1166056395927687169,0
10351,237256441,0
10352,918573886131834882,0
10353,291763976,0
10355,424322762,0
10356,24342682,0
10357,971365242847617024,0
10362,765974953925771266,0
10364,1071380357415616513,0
10366,293971696,0
10369,377997682,0
10371,56392390,0
10372,140574541,0
10373,3949117036,0
10378,213242399,0
10379,74418701,0
10380,379188060,0
10381,415055892,0
10382,1334700804,0
10384,10350822,0
10385,359472900,0
10386,88190179,0
10387,1150021570221547520,0
10389,3882971183,0
10390,1091990374401359872,0
10391,398710212,0
10392,2207177382,0
10396,475079679,0
10397,1132954396382384129,0
10398,2747627999,0
10399,821369218696433664,0
10400,1150876658515218433,0
10404,234432349,0
10405,4900872514,0
10406,364485678,0
10410,247513026,0
10411,370073560,0
10416,1164504559500365826,0
10417,789477506646671360,0
10419,2258870403,0
10420,710874456336498688,0
10424,464822772,0
10425,621132273,0
10426,817819290892173312,0
10427,370639956,0
10428,1005207732625043458,0
10429,769084880,0
10430,1228335115,0
10432,739803742602678272,0
10433,843551973089705985,0
10434,1977621074,0
10437,999596295525453824,0
10441,800630640,0
10443,1028651546190532609,0
10444,336996257,0
10445,465821727,0
10447,140171566,0
10449,838538101203009537,0
10453,45118297,0
10454,3399075250,0
10456,962692920171270144,0
10459,228772357,0
10460,2436261898,0
10461,2345296493,0
10462,1323103063,0
10463,6463782,0
10465,4843542401,0
10466,606438986,0
10470,211834139,0
10471,97681471,0
10475,85590368,0
10476,2935207996,0
10477,372220527,0
10479,1064232619,0
10480,1189201671043342338,0
10481,107737376,0
10482,4081091255,0
10484,701445550705606657,0
10485,937966642184810496,0
10486,1002534613,0
10487,47923934,0
10488,3971698161,0
10499,1673158423,0
10500,1157638839546126337,0
10501,1055494906133839874,0
10504,837661589717282817,0
10506,799698834318360576,0
10507,1169538441643778048,0
10509,988479725692735489,0
10510,1052905706263851008,0
10511,497201068,0
10512,984216360,0
10513,1169382342,0
10514,409427594,0
10516,724927983199330305,0
10517,447203370,0
10518,908731428124397568,0
10520,2617638030,0
10521,18680083,0
10524,486822096,0
10525,1079814214359937025,0
10527,1025032478451490816,0
10529,1282508136,0
10534,353538686,0
10535,1103450372,0
10537,2606637891,0
10538,787992135236775937,0
10539,318713537,0
10540,3025288924,0
10541,446426646,0
10542,427298187,0
10544,519217736,0
10545,4446307913,0
10546,986578187474882560,0
10548,1118269208779997184,0
10549,2997523247,0
10550,439128724,0
10551,2903541269,0
10553,3003254493,0
10554,86716636,0
10556,2411779897,0
10557,2326573022,0
10560,3225190005,0
10561,743514238493278208,0
10562,1121539277597356037,0
10565,843204984,0
10566,330245226,0
10567,237746105,0
10571,2179896303,0
10573,1095408091,0
10575,1247360977,0
10579,1122984812,0
10581,216281928,0
10582,920396067321057280,0
10583,556413464,0
10584,376894218,0
10585,863104796,0
10586,367137859,0
10590,353265453,0
10592,626636550,0
10593,566232076,0
10594,1080150091825061888,0
10598,2821520249,0
10601,461930607,0
10602,488617835,0
10604,154492035,0
10605,2312808911,0
10606,328473338,0
10609,562094682,0
10611,86209782,0
10615,227709646,0
10616,974834012,0
10617,3308422191,0
10626,316578097,0
10628,119028103,0
10629,421155334,0
10630,145976178,0
10631,472015179,0
10632,1248344881,0
10633,595891947,0
10635,227612020,0
10637,546078302,0
10638,2416151161,0
10639,2793749810,0
10641,2356983814,0
10642,397034400,0
10644,1194919565089751041,0
10645,501948852,0
10646,1426318446,0
10647,25071640,0
10649,52108858,0
10650,2717759195,0
10651,464945603,0
10652,564497761,0
10657,754990087,0
10659,444072365,0
10662,2756651624,0
10668,1144560202529812480,0
10669,498197399,0
10671,85670395,0
10672,432006547,0
10673,508816367,0
10679,2269500659,0
10680,220407120,0
10681,3377889609,0
10682,3091136950,0
10683,465684065,0
10684,1168913047307661314,0
10685,3201692440,0
10686,1131237252,0
10688,746263383473799169,0
10699,51784767,0
10700,712223443316547584,0
10701,1052981813176619008,0
10702,2906861035,0
10703,1219995727,0
10705,732607408590204930,0
10706,419951447,0
10708,572011367,0
10710,1101415908,0
10711,3126450485,0
10712,1106146124606464000,0
10719,1085827213998604288,0
10720,39820391,0
10721,713432544901988352,0
10722,1239713814,0
10723,569906544,0
10724,3438474916,0
10725,285284535,0
10726,585062298,0
10727,9224352,0
10728,19595828,0
10729,4275320235,0
10734,1147121128592281603,0
10735,478007891,0
10737,3040814175,0
10738,739403529744482304,0
10739,1307242903,0
10740,192153169,0
10743,151972025,0
10744,1022582605055700992,0
10745,2160841796,0
10746,106204756,0
10747,229106551,0
10748,740101940143591424,0
10750,2194263917,0
10751,22896645,0
10753,866705939172347904,0
10759,4776258323,0
10760,921362864203550720,0
10761,3069843927,0
10762,4431976491,0
10764,208595270,0
10765,65681617,0
10766,884023737745645572,0
10771,799128494,0
10773,100984543,0
10774,432314174,0
10775,206240244,0
10776,2800319603,0
10777,2254568848,0
10778,2384025086,0
10779,931203729491218432,0
10780,942914288821460992,0
10781,4442454261,0
10782,2292045232,0
10783,920393047,0
10784,495382717,0
10785,400902983,0
10786,3338626512,0
10787,464127310,0
10791,435190566,0
10792,174628832,0
10793,94573305,0
10795,103856812,0
10796,3402764877,0
10797,117017147,0
10798,1884529428,0
10799,438236851,0
10800,1131874297537028096,0
10802,179568411,0
10803,1060493096071380992,0
10804,38658249,0
10805,1377648812,0
10806,51434936,0
10807,203922327,0
10809,1183199922,0
10810,482349619,0
10812,268864676,0
10815,322054650,0
10817,492363993,0
10818,2707254209,0
10819,482875004,0
10820,132748115,0
10821,14724500,0
10822,2799598061,0
10823,2880084795,0
10824,400946488,0
10825,148673411,0
10827,1357239746,0
10828,765195398587805696,0
10831,1089105880128409605,0
10832,2933617589,0
10835,856466665,0
10836,1192419214407192576,0
10837,1068376968343838721,0
10838,395187002,0
10839,22038676,0
10840,1105902146095071239,0
10841,2989647551,0
10848,98844505,0
10849,328721364,0
10850,146417460,0
10851,4864309540,0
10852,144968778,0
10853,379834490,0
10855,2807966864,0
10856,64475083,0
10857,189874068,0
10858,484947954,0
10859,3246308829,0
10860,416386667,0
10861,734114639311720449,0
10862,876581505493086208,0
10863,398226503,0
10865,1072508725,0
10866,2841106635,0
10867,4877601425,0
10869,969981643,0
10872,562815711,0
10873,460427315,0
10876,1367256583,0
10877,1852228682,0
10878,561993995,0
10879,3194573930,0
10884,89468901,0
10885,1678265689,0
10887,283252587,0
10888,51703470,0
10890,46096501,0
10892,1034870436,0
10893,3207714897,0
10896,592489826,0
10897,534673739,0
10899,955521362,0
10900,1381419367,0
10901,404409609,0
10902,715785627967602688,0
10903,845684746495676417,0
10904,1153332122213670919,0
10905,1068289603,0
10906,2752002735,0
10907,2733950193,0
10909,884411317939044352,0
10910,1160587670302707714,0
10911,1104275185,0
10912,3169603576,0
10913,2254609707,0
10914,1080925821941018624,0
10915,1544336527,0
10916,3045127324,0
10917,966681287741333504,0
10919,1350107509,0
10921,2907795123,0
10925,265134918,0
10927,2469422073,0
10928,207642935,0
10929,67002064,0
10931,423355750,0
10932,101181771,0
10933,1049234512650153984,0
10934,1001322959154409473,0
10936,241607217,0
10937,840060366,0
10938,381953555,0
10940,1164441014234439680,0
10944,782809034,0
10946,1063745202,0
10947,1073343437833990144,0
10948,1155119443,0
10949,2452210176,0
10951,416922961,0
10952,1239538850,0
10953,840689325880803329,0
10954,74982038,0
10955,1039107844379947014,0
10957,2375507710,0
10958,779713870877384704,0
10959,448693263,0
10960,282643059,0
10964,55655504,0
10965,455777345,0
10966,1301346421,0
10967,22004738,0
10968,1545817196,0
10970,778501513,0
10971,912745501350617088,0
10972,468307294,0
10973,516940903,0
10974,326774832,0
10975,3317678944,0
10977,3047514270,0
10978,737243526983999488,0
10979,578756549,0
10980,3318120640,0
10982,498757755,0
10984,503600997,0
10985,1069074978,0
10986,289221479,0
10987,1590585858,0
10988,221136605,0
10989,229417740,0
10994,347844883,0
10996,2312712778,0
10997,452391812,0
10998,480296748,0
11000,1247142956,0
11001,215639270,0
11002,389076701,0
11006,1165001669643558912,0
11007,437925158,0
11008,2354819957,0
11010,1069872981038522368,0
11011,1070015743801077761,0
11012,2353672568,0
11013,1055560390720008195,0
11015,1034469554,0
11016,915915011805138944,0
11017,1435067262,0
11018,450654477,0
11019,1039048494,0
11021,1150706496658915329,0
11022,2888006819,0
11023,313304046,0
11024,548616993,0
11025,741968144542146560,0
11026,902503105,0
11027,1351818931,0
11028,986903291471769600,0
11029,96563143,0
11030,2171028731,0
11032,1553133290,0
11035,1182657727593623555,0
11036,462427721,0
11040,421403037,0
11043,2361215653,0
11045,1072446194717245440,0
11048,1083692228399296513,0
11052,1077268884204503042,0
11053,537477082,0
11054,2283375104,0
11057,475930507,0
11058,1194699204616167424,0
11059,2616680851,0
11060,2375869364,0
11062,377596180,0
11063,291678033,0
11064,702690830,0
11065,257130763,0
11066,627128494,0
11068,2233672893,0
11069,51032068,0
11070,3106260993,0
11072,856100162,0
11074,450740601,0
11075,1155812849450651648,0
11076,3001793936,0
11079,2178501005,0
11080,2841108694,0
11082,29157481,0
11083,1001175424326651904,0
11084,746539553771651072,0
11087,796050302038376448,0
11088,2861197613,0
11089,3121028094,0
11090,30890619,0
11092,51182604,0
11093,1466576760,0
11094,906633191129272321,0
11097,950090388,0
11098,906256894293102594,0
11099,2473719101,0
11101,288204711,0
11103,1050274328,0
11105,866927172186800128,0
11106,2960076419,0
11110,503477378,0
11112,56431845,0
11113,1330084448,0
11114,1170015635319001088,0
11115,1031308505968340992,0
11116,496043380,0
11117,2366790998,0
11121,485775020,0
11122,2537486260,0
11124,445500211,0
11126,2960084332,0
11127,431817504,0
11128,443167956,0
11129,500096973,0
11130,474782976,0
11131,2370550051,0
11132,2347490625,0
11133,4866766918,0
11134,1622496398,0
11135,228123538,0
11136,145235003,0
11137,134554873,0
11138,2828161144,0
11139,97245163,0
11140,715551409081565184,0
11141,142393098,0
11142,834529714261938177,0
11143,2890309367,0
11144,537380713,0
11146,1067515100473499651,0
11147,404961989,0
11148,1063917129907490816,0
11149,2349495047,0
11150,3012788757,0
11151,16281442,0
11153,1327867518,0
11154,3216343569,0
11155,2262555456,0
11156,2631944517,0
11157,415036247,0
11158,3179503414,0
11159,780054121734897666,0
11160,1094324002636656640,0
11161,960990521048162304,0
11163,371781632,0
11164,402863215,0
11165,1002903432687181825,0
11166,2631382960,0
11167,710841877638025216,0
11168,374029915,0
11169,305224209,0
11170,2784229121,0
11171,47936582,0
11173,1000758551894257664,0
11174,169112670,0
11175,2572430290,0
11176,838082412060020736,0
11177,2250109702,0
11178,736545283576893440,0
11179,22659500,0
11180,429312499,0
11181,2774548493,0
11182,1193567651274117121,0
11183,1364798514,0
11184,219028319,0
11185,986859446444978176,0
11186,298765764,0
11187,908276504701829120,0
11188,1042513543,0
11189,3143841076,0
11190,195515224,0
11191,130861387,0
11192,6942942,0
11193,945056956032614400,0
11194,862824997,0
11195,2252400478,0
11196,2268796084,0
11197,396830933,0
11198,117710026,0
11200,3001228237,0
11202,466394334,0
11203,61228591,0
11204,261266936,0
11205,79577093,0
11208,358185953,0
11209,391350843,0
11210,241972508,0
11211,2925117455,0
11215,4024562895,0
11217,432768798,0
11218,44449676,0
11219,501825307,0
11220,3094969685,0
11221,15150583,0
11222,2184666220,0
11225,409274105,0
11226,1161416258081951744,0
11228,159480057,0
11230,370353284,0
11232,837617307044171776,0
11233,23460272,0
11234,971283490678374401,0
11236,2572879986,0
11237,971412091319013376,0
11238,101956212,0
11239,424387940,0
11240,593519995,0
11243,1179773631431401472,0
11244,733027084780638208,0
11245,2226315644,0
11246,488487480,0
11248,93596721,0
11251,978249826986061824,0
11252,360477871,0
11253,96963956,0
11254,572802856,0
11256,1155483292180897792,0
11257,986592752208105472,0
11258,549077216,0
11259,1300773824,0
11261,1408857354,0
11262,2343247138,0
11263,1073302384351297538,0
11264,474014663,0
11267,16718498,0
11268,38698224,0
11269,265053388,0
11270,2619106441,0
11271,14409745,0
11272,2318283220,0
11274,411374950,0
11275,746399976562036736,0
11276,393392832,0
11277,420593314,0
11278,1073872935146934273,0
11280,2397913376,0
11281,2317957786,0
11282,808780483467313153,0
11285,2300163407,0
11286,1012097275001262080,0
11287,2333745212,0
11288,4601698335,0
11289,912606660144848902,0
11291,1070045085784518656,0
11292,853916380369956866,0
11293,363728511,0
11294,987321984,0
11295,1075108201320853505,0
11296,1880950926,0
11297,4623807201,0
11298,890528112810893312,0
11300,1060592551005167617,0
11301,937257134,0
11302,1068437150,0
11304,862578528088227841,0
11305,2248616153,0
11306,2333793484,0
11307,1146412314251448320,0
11308,407742061,0
11309,1319256348,0
11310,427694799,0
11311,768737826234044416,0
11315,3052546040,0
11316,1142127650443616256,0
11317,1112133873364803588,0
11318,356062091,0
11320,124266585,0
11321,976137931,0
11322,141991012,0
11324,977470378472861696,0
11325,1276569522,0
11326,304299868,0
11327,495103388,0
11328,176754984,0
11329,24319564,0
11330,1002759788835557381,0
11331,1022873058,0
11333,932706386580004864,0
11334,839610485024645122,0
11335,225136146,0
11336,3050686332,0
11337,479439480,0
11338,628372408,0
11341,1075121771983093760,0
11342,1005980574,0
11346,2418921020,0
11347,571072141,0
11348,398994666,0
11349,318615150,0
11352,4232442209,0
11353,969278811337646080,0
11354,887456527,0
11355,1174267743291478017,0
11356,516593107,0
11357,100783088,0
11358,88169887,0
11361,88442473,0
11362,1119615187001270273,0
11363,838346116622073856,0
11365,977290488528109571,0
11366,991236458139832320,0
11367,1136705701051543555,0
11369,4201311849,0
11370,1608607441,0
11372,50607243,0
11373,445779447,0
11374,1061643810546073600,0
11375,490747850,0
11376,948609704,0
11377,760120748891570176,0
11379,2415080152,0
11380,108310169,0
11381,926460714226679808,0
11382,1077563294871969795,0
11383,844976259008548866,0
11384,463842906,0
11385,2349348009,0
11387,1048955863459880960,0
11388,603500693,0
11389,1209547698,0
11390,608014210,0
11391,2415091425,0
11392,2168813293,0
11394,1315046245,0
11396,353546707,0
11397,1271173591,0
11398,1055359790019461120,0
11399,567410783,0
11400,974777463824896006,0
11401,172697742,0
11402,894886199671873536,0
11403,511571846,0
11404,2940600040,0
11405,2330398768,0
11406,971057782412795905,0
11407,252697682,0
11408,814504048531566592,0
11409,1155771132554993664,0
11411,156628714,0
11412,406922488,0
11413,132586089,0
11414,136246768,0
11415,521147072,0
11416,2363390223,0
11417,32377262,0
11418,200816097,0
11419,1148910271,0
11420,1165420249,0
11421,1079081996,0
11422,993961856,0
11426,796704479190126592,0
11427,1578398552,0
11428,98921343,0
11429,1068261925975457798,0
11430,4441564882,0
11431,251183660,0
11432,1476718243,0
11433,2398143679,0
11434,93707333,0
11435,1141038538907160577,0
11436,161233500,0
11437,82837121,0
11439,2489904199,0
11440,1158776344605581313,0
11442,1192777942159507461,0
11443,1195190246,0
11444,38649153,0
11445,1257622974,0
11446,1053369393550450693,0
11448,2440770551,0
11449,230135685,0
11450,709013795675480064,0
11451,455939725,0
11452,4243953869,0
11453,1006044978,0
11455,69606840,0
11456,631115365,0
11457,897417492569751552,0
11459,959095910,0
11463,395242306,0
11464,927557932555886592,0
11465,826773798624038912,0
11466,1178968383099998208,0
11467,131502557,0
11469,3365548150,0
11473,1166184584981045248,0
11474,946263569099784192,0
11475,131155466,0
11476,987266550,0
11477,2846754798,0
11478,594414523,0
11480,3295004927,0
11481,750670310,0
11482,410245492,0
11483,976196533682098176,0
11484,970010160,0
11485,408883110,0
11486,16120863,0
11487,1088914717148672001,0
11488,1030539206,0
11489,971004585233014784,0
11490,1878441919,0
11491,2826424217,0
11492,2495036816,0
11493,1187813266627710977,0
11494,444927766,0
11495,407000871,0
11496,136731563,0
11497,1038117661,0
11498,760986919891271680,0
11499,501979339,0
11500,1273312592,0
11501,1064492689490620418,0
11502,2195052576,0
11503,2510425209,0
11504,4701604704,0
11505,939250620611080192,0
11506,967053944198455297,0
11507,4827907465,0
11508,924611556024967168,0
11509,1003350177036603393,0
11510,1264572464,0
11511,818844420174999552,0
11512,1695623508,0
11513,2348699587,0
11514,896764669,0
11515,1054669647528767488,0
11517,2586529265,0
11518,872517592132485120,0
11519,1880399689,0
11520,3546308429,0
11523,3320939031,0
11525,3053183649,0
11526,2324447806,0
11527,477757835,0
11529,1101507421527252993,0
11530,910498398612094976,0
11531,797782706,0
11532,1048315593840058368,0
11534,413817153,0
11535,1220792838,0
11537,382133673,0
11538,439855752,0
11539,1536495456,0
11541,427737238,0
11544,838888350287282177,0
11545,1612753232,0
11548,1012636182163881984,0
11549,180707741,0
11550,934744142848184321,0
11551,1335203406,0
11552,907233872194260995,0
11553,448877862,0
11554,997393219532050432,0
11555,2735301707,0
11556,4824798082,0
11557,1033320662,0
11558,4702133172,0
11560,975773827308380160,0
11561,1127238308059332609,0
11562,1225050182,0
11564,477897185,0
11568,591323175,0
11569,771813207853916161,0
11570,911995699159605249,0
11571,1018935842268688386,0
11572,3217859506,0
11573,289427111,0
11574,1170807009211506690,0
11575,438798142,0
11578,46225060,0
11579,3079270169,0
11581,885495295064322049,0
11582,1087715590691794945,0
11583,63961997,0
11584,356159314,0
11587,1068702612,0
11588,160696551,0
11589,1086700214,0
11590,430220843,0
11591,424241865,0
11592,4221550048,0
11593,539130256,0
11594,2180726666,0
11595,958805461318414336,0
11596,222311955,0
11601,1194393672852426752,0
11602,157074113,0
11603,318939643,0
11604,1096539094883201025,0
11605,4909203947,0
11606,816766711361916928,0
11607,2197932118,0
11608,970001655864397827,0
11609,234085829,0
11610,525387024,0
11611,1047451590532186112,0
11612,532089309,0
11613,1710513018,0
11614,4354900709,0
11615,19497515,0
11616,484037390,0
11617,85774828,0
11618,2492091699,0
11619,1183009844837650432,0
11620,2870319574,0
11621,896687238410629120,0
11622,815631238555926530,0
11623,1247509453,0
11624,507576824,0
11625,1009055278703276039,0
11626,1322376432,0
11627,2933984715,0
11628,592558151,0
11629,2414609995,0
11630,557960879,0
11631,405170821,0
11632,1700368423,0
11633,2853526059,0
11634,980891095298183169,0
11635,771613884,0
11636,419480134,0
11637,727182030820220928,0
11638,332740913,0
11639,781383422484897792,0
11641,2994901168,0
11642,1025428777202077701,0
11643,1476977323,0
11644,2464427802,0
11645,2383716168,0
11646,110439086,0
11647,866914448031830016,0
11648,1128333732,0
11649,982728162483240960,0
11650,2269192492,0
11651,53868926,0
11652,850618914,0
11653,972480849898819584,0
11654,722635898,0
11655,313537713,0
11656,1129447967168114690,0
11657,24152905,0
11658,436638758,0
11659,807059340,0
11660,889062380,0
11661,1053044102453968896,0
11662,799886914807590912,0
11663,4011396449,0
11664,524175069,0
11665,967777770150522883,0
11666,1022844194547752964,0
11667,87490965,0
11668,837034015857250308,0
11669,3372785020,0
11670,980481062517268480,0
11671,2160731013,0
11672,801750908535209984,0
11673,1003593631083761664,0
11674,529331509,0
11675,585638823,0
11676,2376041347,0
11678,3229432402,0
11679,1307942898,0
11680,997224107002552320,0
11681,2329014760,0
11682,793065199465005057,0
11683,1275548215,0
11684,436745970,0
11685,570144271,0
11686,11055732,0
11687,2376747126,0
11688,2569816533,0
11689,20264367,0
11702,105446292,0
11705,4924108648,0
11707,960919424307007492,0
11708,506102240,0
11709,479419893,0
11710,2331802006,0
11712,62302797,0
11713,1029249798,0
11714,279957212,0
11715,770421866,0
11721,540703786,0
11723,105069801,0
11724,120103097,0
11725,466028028,0
11727,785607675832860672,0
11728,705044293824745472,0
11729,1088762907477856258,0
11730,1022497359736070145,0
11732,14494559,0
11733,1043297900,0
11735,306814764,0
11736,886615122172620800,0
11737,497184836,0
11738,169029205,0
11739,282081484,0
11740,113930754,0
11742,341422666,0
11743,3309114497,0
11744,76925342,0
11745,1030843208,0
11749,2764861859,0
11750,917625391157792768,0
11751,1633135592,0
11752,111353653,0
11753,2587463268,0
11754,1058916510,0
11756,421417889,0
11757,2416044272,0
11758,1070289462,0
11760,574527367,0
11761,410957161,0
11762,815405971740774400,0
11766,716624223519830016,0
11767,438687014,0
11768,154509297,0
11769,1119193320314605571,0
11771,460061801,0
11772,845501286,0
11773,50373216,0
11774,1227261115,0
11775,2791530775,0
11776,713448101785288708,0
11777,253145433,0
11778,368241794,0
11779,16549014,0
11781,2476933248,0
11782,342283203,0
11783,4383131127,0
11784,1009599716,0
11785,52385614,0
11786,915512946385653760,0
11787,837213867344277505,0
11788,473883949,0
11789,64522965,0
11791,2669059234,0
11792,91417665,0
11793,2163180470,0
11794,222628269,0
11795,1148666147660869632,0
11796,135608560,0
11797,1048652935092228096,0
11800,391619671,0
11802,3773744355,0
11803,1107315511124287488,0
11804,2260290943,0
11806,1239391705,0
11807,788414501049753600,0
11808,920644115368435713,0
11809,2320659787,0
11810,2338747196,0
11811,1038813523827204096,0
11812,3372075261,0
11813,76046964,0
11814,914946492678508544,0
11815,3148522575,0
11816,3471643000,0
11818,2501386686,0
11819,774661708396781570,0
11820,3344619581,0
11822,793420704750440453,0
11823,419334466,0
11824,2335442976,0
11826,993861907013619712,0
11827,206671784,0
11828,495882009,0
11831,426649771,0
11832,1652968850,0
11834,2775981333,0
11835,448842961,0
11836,39320155,0
11837,67867732,0
11838,582100374,0
11839,964598799762120704,0
11840,2203023972,0
11841,1177191953152303104,0
11842,68496843,0
11843,941001241181806592,0
11844,57309639,0
11845,79863102,0
11846,1050454997593444359,0
11847,1356374990,0
11848,853691066884739073,0
11849,418531608,0
11851,1076749520,0
11852,2537072336,0
11854,302766936,0
11855,7111232,0
11856,2415728225,0
11858,471859605,0
11861,1088827411,0
11862,368426717,0
11863,14459385,0
11864,573579130,0
11865,3888105562,0
11866,15178183,0
11867,2744419310,0
11868,1972832178,0
11869,3011035791,0
11870,768568816821567488,0
11871,1025426416253501440,0
11872,903667681169166336,0
11873,848537311935700992,0
11874,392650322,0
11875,871427909814190080,0
11876,338296332,0
11877,164989433,0
11878,2675221503,0
11879,372239623,0
11880,2824734604,0
11881,408079222,0
11882,424242232,0
11890,497951773,0
11891,847173998752534528,0
11893,436957303,0
11894,800722227029098504,0
11895,1135914018042814464,0
11896,469760654,0
11897,3699025095,0
11898,555056989,0
11899,23574816,0
11901,220308940,0
11902,700795396101054464,0
11903,860247943974146048,0
11904,1006439924701245441,0
11905,149581755,0
11906,1047105940401610753,0
11907,440129895,0
11908,2338719661,0
11909,481468284,0
11910,959401095591350272,0
11911,356050856,0
11912,454948626,0
11913,315428267,0
11914,370671330,0
11915,452154092,0
11916,244014559,0
11917,721595825416224768,0
11918,974936255669600256,0
11919,1177051177,0
11920,455822124,0
11921,53773490,0
11922,599343100,0
11923,1046140855,0
11924,322170949,0
11925,482479828,0
11926,102804357,0
11927,10282412,0
11932,425234516,0
11933,703657981,0
11934,1213487172,0
11935,24687513,0
11936,91969854,0
11937,4881546593,0
11938,2824496861,0
11939,1059756866618773504,0
11940,3124548708,0
11941,476298783,0
11942,307293335,0
11943,2418915979,0
11944,826804529400254464,0
11945,74408881,0
11946,849769423477014528,0
11947,913036377683578880,0
11948,1028709242079981568,0
11949,37765596,0
11950,1038995311,0
11951,258112518,0
11952,3172262025,0
11953,1083016530,0
11954,1049980971695652865,0
11956,2510423177,0
11957,1079834210251296769,0
11958,970988195772030976,0
11960,2763929843,0
11961,342978751,0
11962,1396815480,0
11963,479702979,0
11964,430995535,0
11965,3346332939,0
11966,1144572134934622210,0
11967,180112128,0
11968,113753689,0
11969,2469618977,0
11970,425369797,0
11971,1041046514,0
11972,252074123,0
11973,2911280733,0
11974,1180408831425306624,0
11975,2492777291,0
11976,479341222,0
11977,598411035,0
11978,779870528,0
11979,890642578726637570,0
11980,3051967217,0
11981,1164592783602139140,0
11982,117342391,0
11983,3403024414,0
11984,822241722,0
11985,111696944,0
11986,47621515,0
11987,316364685,0
11988,299525072,0
11989,764044903,0
11990,1480266476,0
11991,1108020748625436673,0
11992,2419423956,0
11993,1190216724764876801,0
11994,1067774218182582272,0
11995,798477587098071040,0
11996,326743919,0
11997,1069289448024756224,0
11998,476784909,0
12000,501084838,0
12001,783978818994307072,0
12002,1169729974707924992,0
12003,4441755699,0
12004,4735387815,0
12005,702175282812346368,0
12006,430172261,0
12007,415114720,0
12008,96779870,0
12009,1185991332680081408,0
12010,1123278787578355712,0
12011,402976667,0
12012,1710057882,0
12013,1147378106962993152,0
12014,2759248436,0
12016,1043499924057415682,0
12017,245007949,0
12018,758344753989742593,0
12019,28667984,0
12020,1189920246179749888,0
12021,1038074756,0
12022,1281455785,0
12023,743915434697756673,0
12024,347042409,0
12025,1202451433,0
12026,1181198559993094145,0
12027,2322582248,0
12028,41178587,0
12029,1019564702,0
12030,1091441943375159296,0
12031,2540910636,0
12033,1885687531,0
12035,845948745766387712,0
12036,2455021253,0
12037,954039407241293824,0
12038,1454614525,0
12039,504273161,0
12040,895560445,0
12041,1020695292,0
12043,2699226781,0
12045,411420275,0
12046,76616277,0
12047,479865593,0
12048,1728932216,0
12049,1056227612,0
12050,212941161,0
12051,995437874,0
12052,495106629,0
12053,3030174323,0
12054,1084450777748459520,0
12057,880019097731334146,0
12058,3000440278,0
12059,107810622,0
12060,2479620311,0
12063,552093344,0
12065,104239528,0
12066,1043099688,0
12067,270050737,0
12069,193606001,0
12070,1085917612452786176,0
12073,707416225,0
12075,3676549834,0
12079,735376982,0
12080,875627459609219072,0
12081,1324518260,0
12082,2919545373,0
12083,748214753189847041,0
12084,575269517,0
12085,3854312121,0
12086,236540181,0
12088,487406587,0
12089,104960470,0
12090,870231457545031680,0
12092,730712433325703168,0
12093,1967099384,0
12094,791222798,0
12095,3018921099,0
12096,1938872887,0
12097,467612514,0
12098,319075801,0
12099,704821866,0
12100,1872223814,0
12101,715994295,0
12102,1059109447132499968,0
12103,1038231816,0
12104,4185374404,0
12105,337263027,0
12107,711298373584887809,0
12108,1427398915,0
12109,429404903,0
12110,306162427,0
12111,1024950235888578560,0
12112,130949265,0
12113,24149582,0
12114,2824858454,0
12116,472338354,0
12118,484515352,0
12119,2375220529,0
12120,1184885136405532674,0
12121,953158853088219136,0
12122,858862321,0
12123,2257558088,0
12124,4070884199,0
12125,431902813,0
12126,3641275694,0
12127,1331662351,0
12129,857254006934163456,0
12130,1397261335,0
12131,614443056,0
12132,1167056018578317312,0
12134,6521022,0
12136,967139439083474944,0
12137,833820320,0
12138,1100060943067820032,0
12139,2813234751,0
12143,2442430409,0
12144,116751547,0
12146,1870961815,0
12147,223215480,0
12149,963721136696713221,0
12150,156780554,0
12151,2397844595,0
12153,51781061,0
12154,4208755703,0
12155,1894270790,0
12156,70179939,0
12157,1168797480,0
12159,431793661,0
12161,1101446990,0
12162,50571065,0
12163,1042128641830936576,0
12164,776159898849648640,0
12166,589022848,0
12167,756215694455209984,0
12168,411476842,0
12169,512018266,0
12170,729339570182066177,0
12171,719107989114892288,0
12172,1711027674,0
12173,76902417,0
12174,402821533,0
12175,782167542,0
12176,4827614413,0
12177,2237928979,0
12178,2957474795,0
12179,283447378,0
12180,3224376231,0
12181,2422603352,0
12182,1603148599,0
12183,1725431600,0
12184,460226131,0
12186,245960120,0
12187,330532430,0
12188,2313803719,0
12189,847536198,0
12190,2688705527,0
12192,253962958,0
12193,726835044434739201,0
12194,1225842175,0
12195,480588555,0
12197,1083435600412401666,0
12198,4823952040,0
12200,977300186279137281,0
12201,1626407502,0
12204,2608779441,0
12206,54197036,0
12207,1412754547,0
12209,859109972675874818,0
12210,125941209,0
12211,386695561,0
12212,425139386,0
12213,4197183543,0
12214,2427387456,0
12215,2886744874,0
12216,1441728823,0
12217,231011153,0
12218,56657613,0
12219,291141125,0
12220,4091439076,0
12221,908641903612227584,0
12222,956050633622216705,0
12223,627367368,0
12224,10280002,0
12225,3004135889,0
12226,434885862,0
12227,573821701,0
12228,38303442,0
12229,133485233,0
12231,1016319861780369408,0
12232,2359496138,0
12233,872652049,0
12234,86197337,0
12235,708252467386048513,0
12236,741257377534578693,0
12239,1085291572588097540,0
12242,997354591,0
12243,754403068725301249,0
12244,1052483772,0
12245,1099713052889497600,0
12246,427592527,0
12247,983065508,0
12248,2182009663,0
12249,714739556747243520,0
12251,705387773486882816,0
12252,3172430939,0
12253,968194818714361856,0
12254,804354408,0
12258,4242512451,0
12259,548569689,0
12260,1975150249,0
12261,1010539536152227840,0
12262,1052847820389146624,0
12263,91315693,0
12264,1037713867,0
12265,461132599,0
12266,34666215,0
12267,53139843,0
12268,3435148533,0
12269,85129926,0
12270,85137408,0
12271,508709778,0
12272,300769260,0
12273,776802539371163649,0
12274,254027351,0
12275,102674438,0
12276,885661050,0
12277,1127301931,0
12278,859970464755658752,0
12285,497200960,0
12286,182642007,0
12287,994863809641766912,0
12288,1076235450,0
12289,796847494105796608,0
12291,593711002,0
12292,60571894,0
12293,852623816543145985,0
12294,84683359,0
12295,927420355685289984,0
12296,1291430503,0
12297,996658116040249344,0
12298,52090502,0
12299,89666426,0
12300,88151199,0
12301,331771894,0
12302,865296806875467776,0
12303,996006974230859778,0
12305,201336041,0
12306,863493997268000768,0
12308,573872757,0
12309,1066420139778809857,0
12310,1061264227,0
12311,3247360312,0
12312,1044625585790742528,0
12314,221345262,0
12316,3216441514,0
12317,85060556,0
12318,560509154,0
12321,314877134,0
12322,1493205397,0
12323,1094699255367983104,0
12324,456934154,0
12325,853218139303276544,0
12327,1128030795149578243,0
12328,1268953866,0
12329,480271866,0
12330,40767208,0
12331,773054104549593089,0
12332,1112789814762500096,0
12333,391659148,0
12334,1019621874744127488,0
12335,1572800808,0
12336,1002213266,0
12337,1005780152,0
12338,456837561,0
12339,2214232422,0
12341,865860868562718720,0
12342,387913324,0
12345,3360426029,0
12346,480257782,0
12347,222442719,0
12348,196496175,0
12349,304598010,0
12351,3435873615,0
12352,306700245,0
12353,519387305,0
12354,3351825653,0
12355,1028891851699437568,0
12356,2513771484,0
12357,1243637136,0
12358,407747764,0
12359,219361447,0
12361,908356132225163265,0
12362,139706562,0
12363,3514665555,0
12364,1074410824595398657,0
12365,1900775779,0
12366,373436983,0
12367,424939712,0
12368,850821422,0
12370,796724513379667968,0
12371,491678941,0
12372,14914483,0
12373,1128380236838658048,0
12374,330458761,0
12375,4768218683,0
12376,618503941,0
12377,3772261336,0
12378,1170315199057936384,0
12379,95073306,0
12380,299590260,0
12382,842690015880757248,0
12383,223171129,0
12384,1130396935058337792,0
12385,343309774,0
12386,423732690,0
12387,3314012134,0
12388,489362715,0
12389,1101527989844619265,0
12390,954043295558139905,0
12391,2221566929,0
12392,549669046,0
12393,724191848063967232,0
12394,3297544890,0
12395,561173465,0
12396,4321277112,0
12397,487403439,0
12398,829113798866907136,0
12399,2960666387,0
12400,1146087122992058368,0
12401,2869471262,0
12402,410670959,0
12403,30465376,0
12404,87474181,0
12405,54314372,0
12406,1120442082,0
12407,1069241899,0
12408,957598842769338368,0
12409,526724062,0
12410,440831627,0
12411,77462338,0
12412,238349229,0
12413,783395735215759360,0
12414,473838944,0
12415,637018529,0
12416,2995932370,0
12417,835122590,0
12418,4861308095,0
12419,577090118,0
12420,4817807123,0
12421,220761337,0
12422,475951598,0
12423,95533953,0
12424,42997971,0
12426,27070698,0
12427,369728921,0
12429,1530742022,0
12430,110661908,0
12431,339849935,0
12432,103077927,0
12433,495822750,0
12434,437590352,0
12435,738773269,0
12436,113132724,0
12437,134537637,0
12438,1282918945,0
12439,238296764,0
12440,1429905642,0
12441,271975332,0
12442,1924331611,0
12443,397473896,0
12444,997890371249111040,0
12445,862721531876659200,0
12446,430633617,0
12447,4884300231,0
12448,2365841904,0
12449,1077691849,0
12450,986627044699267073,0
12451,1070329746,0
12453,716005477159673856,0
12457,421726224,0
12459,21584701,0
12460,929411662934892544,0
12461,748862663808221184,0
12462,885575496456704001,0
12463,3288425003,0
12464,109785408,0
12465,527612547,0
12466,189794597,0
12467,2801177561,0
12468,300847677,0
12469,1658330696,0
12470,2256727137,0
12471,988343473,0
12472,1011878496971427846,0
12473,786894921353596928,0
12474,199348405,0
12475,2606389745,0
12476,2300242104,0
12477,3300957274,0
12478,483051922,0
12479,2833760769,0
12480,1018464735543615488,0
12481,1164135819243921408,0
12482,966538927,0
12483,1536363924,0
12484,801747385949028354,0
12485,3402733469,0
12486,296986426,0
12487,410065500,0
12488,763694739854090240,0
12490,1029846384193806337,0
12491,912000926826815491,0
12492,3131617043,0
12493,1244557057,0
12494,1300073652,0
12495,1477219380,0
12496,13152432,0
12497,1660079156,0
12498,766919942709141504,0
12499,1151198769712685056,0
12500,52360891,0
12501,390644753,0
12502,2367102656,0
12503,311458648,0
12504,865613901660127236,0
12506,29278568,0
12507,1299394213,0
12508,481575282,0
12510,488257495,0
12511,733668415219601409,0
12512,621060719,0
12513,109638595,0
12514,1558766329,0
12515,336770410,0
12516,1007705902529511424,0
12517,2279301,0
12518,3032760082,0
12519,466895759,0
12520,1186204715278843904,0
12521,1961112673,0
12522,302833547,0
12523,2431850799,0
12524,909809382,0
12525,3149261163,0
12526,995709911173562371,0
12527,710746260,0
12528,134206590,0
12529,3310422237,0
12530,110823353,0
12531,993804838705213441,0
12532,4845711826,0
12533,1917904260,0
12534,101556020,0
12535,53931522,0
12536,3052588146,0
12537,1160170679142092801,0
12538,2409000504,0
12539,54871655,0
12540,417466802,0
12541,339333240,0
12542,629313,0
12543,344564412,0
12544,3716123236,0
12545,2514594951,0
12546,590364532,0
12547,431911524,0
12548,857118703829348353,0
12549,15351281,0
12550,184053531,0
12551,154195659,0
12552,257401318,0
12553,1479583542,0
12554,251664579,0
12555,82614220,0
12556,3079112309,0
12557,705450402175717376,0
12558,358222474,0
12559,40638218,0
12560,100238566,0
12561,1111365891478953984,0
12562,406153800,0
12564,2724414057,0
12566,15268727,0
12567,319614304,0
12568,318590298,0
12569,778991114036645888,0
12570,808924015,0
12571,901014029916930048,0
12572,2449779006,0
12573,3746304743,0
12574,253595597,0
12575,401652014,0
12576,416866144,0
12577,38174037,0
12578,1074216576751165440,0
12579,1221736705,0
12580,291892595,0
12581,112732827,0
12582,1362473617,0
12583,493900329,0
12584,1145374949982556160,0
12585,2784003177,0
12586,992895004447334401,0
12587,1063783427470700544,0
12588,813109078062927872,0
12589,520363768,0
12590,861528433,0
12591,1735616252,0
12592,290585680,0
12593,3134019071,0
12594,2611468966,0
12595,1026457428,0
12601,842387194090278912,0
12602,624096392,0
12603,3232952489,0
12605,436640636,0
12607,2321981176,0
12612,492997942,0
12614,1389496548,0
12615,1000841036804120582,0
12616,525297761,0
12619,1083012297767956480,0
12621,21539965,0
12622,154913311,0
12623,421322835,0
12624,1154079946991706113,0
12625,22833883,0
12626,139681650,0
12628,1380163632,0
12637,22515053,0
12638,248853637,0
12639,576970872,0
12640,1003303882573873152,0
12642,36353564,0
12647,1707513894,0
12649,389412126,0
12650,436132169,0
12651,170722216,0
12654,2454559204,0
12656,1150202132873826305,0
12657,1108682857386520577,0
12658,397436135,0
12659,2755001196,0
12660,1037981082,0
12661,2191830576,0
12662,3248511540,0
12670,860927713368035333,0
12678,51529397,0
12679,989582592,0
12681,742396903,0
12682,1277330432,0
12683,702901779512610816,0
12684,231083294,0
12685,154289060,0
12688,1315989276,0
12689,573421996,0
12690,857625287386959873,0
12692,109651861,0
12693,1257848173,0
12694,67717371,0
12695,1022517811,0
12696,335249305,0
12698,461000605,0
12699,3293260696,0
12700,2506789780,0
12701,384340494,0
12702,1082670923331833856,0
12703,13040872,0
12704,247047509,0
12705,1130904786897973248,0
12706,2950966331,0
12707,82886693,0
12708,4807713257,0
12709,1266951679,0
12711,2318697350,0
12712,758800272,0
12713,185229283,0
12714,936211288857960448,0
12715,3333540826,0
12716,1058705067392581632,0
12717,2353711399,0
12718,15790363,0
12719,2350718060,0
12720,488716638,0
12721,545968677,0
12722,108966770,0
12723,828310943486640130,0
12724,1151535570,0
12725,1120147435,0
12726,823522382556123138,0
12727,1166781681010991105,0
12728,141278724,0
12729,1106703976635006976,0
12730,1144346861765111809,0
12731,480844917,0
12732,1047228148256071685,0
12733,346430830,0
12735,2763305468,0
12738,295111386,0
12743,1620054241,0
12744,1034062585027547136,0
12745,199194717,0
12747,918041406043770880,0
12749,1074579585201815552,0
12753,182718421,0
12757,916522718,0
12758,2162738143,0
12761,4251035097,0
12762,262650648,0
12764,829618953525874688,0
12768,381956728,0
12769,469677548,0
12772,54207415,0
12773,127230388,0
12774,97288222,0
12775,257385815,0
12777,457399057,0
12778,3124374833,0
12779,4258507396,0
12781,3292873475,0
12783,859506653800132615,0
12784,4633643837,0
12785,932759790836645888,0
12786,46622636,0
12788,91052857,0
12789,1277565972,0
12790,1154739115553898497,0
12791,2964119115,0
12792,402557031,0
12793,39240661,0
12795,478644568,0
12797,2900628547,0
12798,1093897197668712449,0
12799,319735845,0
12800,2319707989,0
12801,16273541,0
12802,1191627511245004802,0
12803,213355544,0
12805,443649249,0
12812,3419941905,0
12814,821561744,0
12818,586541739,0
12820,221299986,0
12835,2331847077,0
12841,379156668,0
12842,345020176,0
12843,433636980,0
12844,24269420,0
12845,1961251566,0
12846,2755206512,0
12847,317742806,0
12849,813637126634016769,0
12850,547059284,0
12851,536179064,0
12852,4850084878,0
12853,1341462944,0
12858,2348635034,0
12859,471093612,0
12860,2460265962,0
12864,395218906,0
12866,384788314,0
12867,2434232825,0
12871,2680393077,0
12873,4136033488,0
12874,45564311,0
12876,36079217,0
12877,94997151,0
12879,874974773339713537,0
12881,102107370,0
12883,133342361,0
12887,49954018,0
12890,558651454,0
12892,323858374,0
12893,29416653,0
12894,928229546620604417,0
12896,409048614,0
12897,22611041,0
12898,136920216,0
12900,918889099,0
12901,2227711330,0
12903,1106966297236172801,0
12904,2523593234,0
12905,1086579979,0
12908,2891873890,0
12909,730838857,0
12910,72248630,0
12912,1147561443065249792,0
12914,92550506,0
12915,94072544,0
12916,68943667,0
12918,2827724028,0
12921,1423876909,0
12922,3041206558,0
12934,1132364009641074688,0
12935,515229378,0
12937,2812961,0
12938,837278820088623104,0
12939,2326660325,0
12945,440756482,0
12950,1069864531374063616,0
12952,117701249,0
12956,90139268,0
12957,118126297,0
12958,116207146,0
12960,7697992,0
12961,4396246217,0
12967,2415796544,0
12968,156891379,0
12976,3028463843,0
12979,1968857696,0
12981,2204706469,0
12982,1164235492730294273,0
12985,231902290,0
12987,915651537980071937,0
12988,819062990,0
12989,1413730903,0
12991,50583037,0
12993,1066821653232005132,0
12994,969002698375909377,0
12996,215728045,0
13001,119711344,0
13008,1072167411984551936,0
13010,2358374925,0
13031,380526746,0
13042,715482615516569601,0
13043,133790890,0
13045,120380619,0
13047,444225252,0
13050,273400701,0
13051,1320234474,0
13052,321385733,0
13059,5893702,0
13060,1182665278917885955,0
13063,1904010924,0
13064,2271821530,0
13066,516647086,0
13068,110960339,0
13069,121424128,0
13070,305236970,0
13076,1547634590,0
13079,18935802,0
13092,1025767333988581376,0
13093,422534772,0
13101,836510408777338880,0
13103,337886919,0
13104,52036241,0
13105,22009952,0
13106,622354597,0
13108,1359095641,0
13109,29045944,0
13112,732817452569141248,0
13118,3911126721,0
13120,418639326,0
13121,1747593649,0
13123,1620485984,0
13124,2528912763,0
13125,2780255187,0
13126,1680210240,0
13127,2181046967,0
13128,2305797004,0
13129,1115531784559693824,0
13130,379292424,0
13131,1015579338358558720,0
13132,1650836976,0
13133,1089922537,0
13134,3379524945,0
13135,1040903473997524997,0
13136,789633654,0
13137,1423568216,0
13138,2187512267,0
13139,549264858,0
13141,179447770,0
13143,387822743,0
13144,1697207383,0
13145,2938324402,0
13146,2878351643,0
13147,2268831496,0
13148,505895498,0
13149,819770905,0
13150,1625285929,0
13151,3123312411,0
13152,2394803132,0
13153,807617906,0
13154,354275228,0
13155,177868808,0
13156,2161832799,0
13157,765631291,0
13158,590357970,0
13159,912342114,0
13160,216072291,0
13161,1004110274725601281,0
13162,1117295660,0
13163,477527946,0
13164,931501930752471040,0
13165,1033343334,0
13166,337115314,0
13167,952146547,0
13168,1113167191044698112,0
13169,946473410581975041,0
13170,1394763817,0
13171,772122185058152448,0
13172,264689652,0
13173,513744458,0
13174,3291677705,0
13175,2976455529,0
13176,4202341337,0
13177,711918096169172992,0
13178,261841334,0
13179,819416450,0
13180,310404562,0
13181,556833269,0
13182,445588483,0
13183,1183540782,0
13184,4571469993,0
13185,858972996207353857,0
13186,322555700,0
13187,1013363447843737600,0
13188,2871273336,0
13189,752534115929432065,0
13190,2279412910,0
13191,1013543443,0
13192,1052644683246010368,0
13193,124806764,0
13194,2881397140,0
13195,1101076932,0
13196,2166276423,0
13197,979036263272599556,0
13198,1900726448,0
13199,3033554481,0
13200,927090489538613249,0
13201,1151133245154582529,0
13202,2941416569,0
13203,2771166358,0
13205,1440800910,0
13206,105892539,0
13207,1175888037571678208,0
13208,781920151868477440,0
